Date,Total Yield [kWh],GridDurationHours,MaintDurationHours,DelREMO,Max,Min,Temp,Prcp,Cloud Cover,Conditions
2019-02-01,190.3,0.0,0.0,0.0,20.1,9.2,14.3,1.75,67.1,"Rain, Partially cloudy"
2019-02-02,246.5,0.0041666666666666,0.0,0.0,19.7,7.1,12.4,0.0,12.0,Clear
2019-02-03,227.3,0.0,0.0,0.0,19.2,8.1,12.3,0.0,0.0,Clear
2019-02-04,205.9,0.0019444444444444,0.0,0.0,19.5,5.1,12.1,0.0,40.7,Partially cloudy
2019-02-05,191.5,0.0038888888888888,0.0,4.345833333333333,23.1,9.7,16.2,0.0,74.2,Partially cloudy
2019-02-06,220.7,0.0058333333333333,0.0,0.0,23.1,9.1,16.5,0.0,63.0,Partially cloudy
2019-02-07,8.3,0.0038888888888888,0.0,5.610277777777778,17.1,10.4,15.0,49.23,69.3,"Rain, Partially cloudy"
2019-02-08,305.0,0.0,0.0,5.682777777777778,18.1,7.1,12.3,36.93,25.3,"Rain, Partially cloudy"
2019-02-09,278.4,0.0,0.0,1.5013888888888889,21.1,8.1,14.4,0.0,6.6,Clear
2019-02-10,268.7,0.0,0.0,0.0,18.6,9.2,14.5,0.0,67.9,Partially cloudy
2019-02-11,261.9,0.0,0.0,0.8036111111111112,21.1,9.1,15.5,0.0,66.9,Partially cloudy
2019-02-12,141.9,0.0,0.0,7.368888888888888,21.1,11.1,16.4,0.0,76.6,Overcast
2019-02-13,220.1,0.0,0.0,0.0,23.1,11.1,17.4,0.0,64.1,Partially cloudy
2019-02-14,117.1,0.0,0.0,0.0,21.1,14.7,17.5,4.57,78.1,"Rain, Overcast"
2019-02-15,143.5,0.0,0.0,0.0,21.1,14.1,16.7,16.53,84.7,"Rain, Overcast"
2019-02-16,235.5,0.0,0.0,0.0,22.1,13.1,16.7,3.0,54.0,"Rain, Partially cloudy"
2019-02-17,195.4,0.0,0.0,0.0,21.1,10.1,15.3,0.0,58.1,Partially cloudy
2019-02-18,144.3,0.0,0.0,0.0838888888888888,19.0,11.1,14.6,4.8,60.5,"Rain, Partially cloudy"
2019-02-19,251.7,0.0,0.0,0.0,22.1,12.7,17.0,3.53,71.9,"Rain, Partially cloudy"
2019-02-20,95.0,0.0,0.0,0.0,22.1,13.1,17.1,1.69,86.8,"Rain, Overcast"
2019-02-21,261.7,0.0,0.0,0.0,25.1,14.7,19.0,5.1,72.9,"Rain, Partially cloudy"
2019-02-22,216.6,0.0,0.0,0.0,20.1,12.4,16.7,10.2,46.3,"Rain, Partially cloudy"
2019-02-23,361.4,0.0,0.0,0.0,21.3,10.7,15.4,0.0,37.4,Partially cloudy
2019-02-24,361.7,0.0019444444444444,0.0,0.0,22.1,10.1,14.5,0.0,44.3,Partially cloudy
2019-02-25,344.7,0.0,0.0,0.0,21.8,8.4,14.8,0.0,21.3,Clear
2019-02-26,148.8,0.0,0.0,6.1563888888888885,20.7,10.4,15.1,3.3,51.7,"Rain, Partially cloudy"
2019-02-27,318.2,0.0,0.0,0.0,17.3,10.1,13.0,28.17,62.3,"Rain, Partially cloudy"
2019-02-28,338.6,0.0,0.0,0.0,19.8,8.0,13.2,0.0,15.9,Clear
2019-03-01,336.4,0.0,0.0,0.0844444444444444,21.4,8.9,14.8,0.0,28.5,Partially cloudy
2019-03-02,82.6,0.0,0.0,0.0,18.1,12.3,14.6,8.0,91.4,"Rain, Overcast"
2019-03-03,293.8,0.0,0.0,0.0,21.1,12.1,16.8,12.89,59.3,"Rain, Partially cloudy"
2019-03-04,276.0,0.0,0.0,0.0,22.0,13.1,16.5,1.0,61.5,"Rain, Partially cloudy"
2019-03-05,345.8,0.0,0.0,0.0841666666666666,21.4,12.0,16.5,0.0,9.9,Clear
2019-03-06,389.1,0.0,0.0,0.0,23.6,12.4,17.0,0.0,9.7,Clear
2019-03-07,380.2,0.0,0.0,0.0,24.3,12.1,17.5,0.0,13.6,Clear
2019-03-08,137.6,0.0,0.0,0.0,21.1,12.7,16.1,0.79,62.5,"Rain, Partially cloudy"
2019-03-09,386.9,0.0,0.0,0.0,23.7,11.4,17.3,0.0,0.2,Clear
2019-03-10,380.0,0.0,0.0,0.0,25.6,12.1,18.1,0.0,0.0,Clear
2019-03-11,97.9,0.0044444444444444,0.0,0.0,18.6,13.1,15.8,12.48,61.2,"Rain, Partially cloudy"
2019-03-12,378.8,0.0,0.0,0.0,25.6,10.7,17.4,6.0,10.4,Rain
2019-03-13,118.1,0.0,0.0,0.0,19.4,13.1,15.5,0.0,60.8,Partially cloudy
2019-03-14,157.8,0.0,0.0,2.1102777777777777,19.1,13.1,15.6,3.82,57.9,"Rain, Partially cloudy"
2019-03-15,372.0,0.0,0.0,0.0,25.1,10.2,19.5,3.0,11.3,Rain
2019-03-16,348.2,0.0,0.0,0.0,26.1,12.8,20.2,0.0,57.1,Partially cloudy
2019-03-17,382.3,0.0,0.0,0.0,26.7,14.1,20.1,0.0,47.5,Partially cloudy
2019-03-18,332.9,0.0,0.0,1.3977777777777776,27.1,13.1,20.4,0.0,38.8,Partially cloudy
2019-03-19,366.9,0.0,0.0,0.0,29.1,13.1,21.5,0.0,21.5,Clear
2019-03-20,324.5,0.0,0.0,1.3769444444444443,29.1,16.3,22.7,0.0,43.3,Partially cloudy
2019-03-21,355.8,0.0,0.0,0.0,29.1,15.1,22.2,4.0,39.8,"Rain, Partially cloudy"
2019-03-22,407.5,0.0,0.0,0.0,27.1,14.4,21.5,0.0,36.2,Partially cloudy
2019-03-23,380.0,0.0,0.0,0.0,29.1,14.8,21.8,0.0,27.6,Partially cloudy
2019-03-24,303.3,0.0,0.0,0.0,26.4,14.8,20.7,0.0,49.2,Partially cloudy
2019-03-25,80.5,0.0,0.0,0.0,22.1,15.1,18.3,0.2,65.9,"Rain, Partially cloudy"
2019-03-26,376.7,0.0,0.0,0.0,28.1,13.1,21.2,1.0,12.9,Rain
2019-03-27,325.9,0.0,0.0,0.0,30.1,15.7,20.9,0.0,54.9,Partially cloudy
2019-03-28,358.5,0.0,0.0,0.0,31.6,17.7,24.1,0.0,26.5,Partially cloudy
2019-03-29,330.1,0.0,0.0,0.0,32.0,17.9,25.5,0.0,46.9,Partially cloudy
2019-03-30,341.9,0.0,0.0,0.0,33.1,18.1,24.7,0.0,30.3,Partially cloudy
2019-03-31,415.3,0.0,0.0,0.0,32.0,18.4,24.5,0.0,11.1,Clear
2019-04-01,358.2,0.0,0.0,1.1844444444444444,31.6,17.1,24.0,0.0,3.7,Clear
2019-04-02,344.3,0.0,0.0,0.0,32.1,16.4,24.2,0.0,12.2,Clear
2019-04-03,282.6,0.0,0.0,2.3972222222222226,33.8,18.1,25.3,0.0,26.4,Partially cloudy
2019-04-04,331.6,0.0,0.0,0.0,35.0,19.8,27.0,0.0,7.6,Clear
2019-04-05,331.4,0.0,0.0,0.7913888888888889,34.8,20.4,27.4,0.0,23.9,Clear
2019-04-06,330.7,0.0,0.0,0.0,36.0,21.9,28.3,0.0,10.6,Clear
2019-04-07,324.9,0.0,0.0,0.0,33.4,21.1,27.5,0.0,38.2,Partially cloudy
2019-04-08,203.8,0.0,0.0,2.7783333333333333,30.9,21.7,25.2,9.0,30.8,"Rain, Partially cloudy"
2019-04-09,369.0,0.0,0.0,0.7994444444444445,34.6,19.1,26.2,11.0,17.3,Rain
2019-04-10,332.5,0.0,0.0,0.0,37.0,22.3,28.9,0.0,22.9,Clear
2019-04-11,362.4,0.0,0.0,0.0,36.1,21.1,28.6,0.0,27.2,Partially cloudy
2019-04-12,314.5,0.0,0.0,0.0,35.0,22.7,27.6,0.0,34.6,Partially cloudy
2019-04-13,142.5,0.0,0.0,13.150833333333331,33.3,20.4,27.8,0.2,52.3,"Rain, Partially cloudy"
2019-04-14,81.1,0.0,0.0,13.196944444444444,37.1,19.1,28.4,0.0,50.9,Partially cloudy
2019-04-15,117.7,0.0,0.0,6.0425,38.0,21.3,29.6,0.0,31.4,Partially cloudy
2019-04-16,194.7,0.0,0.0,0.0,30.7,20.2,25.1,4.54,85.1,"Rain, Overcast"
2019-04-17,174.3,0.0,0.0,1.275,27.0,15.7,21.1,54.78,88.0,"Rain, Overcast"
2019-04-18,351.1,0.0,0.0,1.042777777777778,29.0,15.8,23.1,28.73,51.5,"Rain, Partially cloudy"
2019-04-19,383.3,0.0,0.0,0.0,32.3,17.1,25.0,0.0,22.3,Clear
2019-04-20,101.7,0.0,0.0,6.651111111111111,34.0,20.1,26.7,0.0,23.9,Clear
2019-04-21,84.1,0.0,0.0,8.473333333333334,35.6,20.4,28.0,0.0,9.8,Clear
2019-04-22,36.8,0.0,0.0,9.465277777777777,37.6,21.1,30.3,0.0,13.9,Clear
2019-04-23,26.4,0.0,0.0,11.410833333333333,39.0,23.1,30.3,0.0,4.8,Clear
2019-04-24,34.7,0.0,0.0,0.0,39.1,24.9,31.0,0.0,26.6,Partially cloudy
2019-04-25,174.1,0.0,0.0,3.9522222222222223,38.3,24.1,30.7,0.8,54.9,"Rain, Partially cloudy"
2019-04-26,143.3,0.0019444444444444,0.0,7.252222222222223,38.4,22.1,31.5,0.0,20.3,Clear
2019-04-27,43.3,0.0,0.0,9.39277777777778,39.0,22.8,31.3,0.0,6.9,Clear
2019-04-28,84.7,0.0,0.0,16.52777777777778,40.0,23.3,31.8,0.0,3.9,Clear
2019-04-29,149.0,0.0,0.0,0.0838888888888888,39.8,22.5,30.4,0.0,3.6,Clear
2019-04-30,335.6,0.0019444444444444,0.0,0.0,40.8,23.1,32.6,0.0,33.9,Partially cloudy
2019-05-01,331.8,0.0,0.0,0.0,38.9,27.8,33.0,1.16,18.8,Rain
2019-05-02,253.9,0.0,0.0,0.925277777777778,35.8,24.1,28.5,16.81,50.1,"Rain, Partially cloudy"
2019-05-03,357.3,0.0,0.0,0.0,37.6,21.1,29.4,0.68,27.2,"Rain, Partially cloudy"
2019-05-04,389.1,0.0,0.0,0.0,37.6,20.1,29.8,0.0,9.2,Clear
2019-05-05,326.5,0.0038888888888888,0.0,0.0,39.1,21.1,30.8,0.0,10.4,Clear
2019-05-06,387.3,0.0019444444444444,0.0,0.0,40.0,22.4,31.2,0.0,0.0,Clear
2019-05-07,356.1,0.0,0.0,0.0,41.0,21.9,31.8,0.0,6.6,Clear
2019-05-08,334.6,0.0,0.0,0.0,41.3,23.1,32.6,0.0,6.1,Clear
2019-05-09,319.1,0.0,0.0,0.0,41.3,23.1,33.0,0.0,20.4,Clear
2019-05-10,268.9,0.0019444444444444,0.0,3.3230555555555554,41.0,25.1,32.7,6.81,60.6,"Rain, Partially cloudy"
2019-05-11,277.6,0.0022222222222222,0.0,0.0,37.3,22.6,30.6,1.0,54.1,"Rain, Partially cloudy"
2019-05-12,347.5,0.0,0.0,0.0,38.0,23.0,31.0,0.0,33.7,Partially cloudy
2019-05-13,287.8,0.0,0.0,2.277222222222222,38.3,23.1,30.9,2.0,56.1,"Rain, Partially cloudy"
2019-05-14,346.1,0.0,0.0,0.0,35.1,21.1,28.0,1.86,45.7,"Rain, Partially cloudy"
2019-05-15,240.7,0.0,0.0,0.8852777777777778,34.3,24.0,27.5,0.0,66.9,Partially cloudy
2019-05-16,247.8,0.0019444444444444,0.0,1.3044444444444443,36.1,23.9,29.6,1.0,56.1,"Rain, Partially cloudy"
2019-05-17,282.2,0.0,0.0,0.0,31.1,23.8,27.2,5.0,59.5,"Rain, Partially cloudy"
2019-05-18,351.6,0.0,0.0,0.0,35.1,21.7,28.5,6.0,41.8,"Rain, Partially cloudy"
2019-05-19,359.3,0.0,0.0,0.0,37.8,22.1,31.0,0.0,35.7,Partially cloudy
2019-05-20,316.2,0.0,0.0,0.0,39.5,24.7,30.7,0.0,31.1,Partially cloudy
2019-05-21,369.1,0.0,0.0,0.0,40.1,24.4,32.8,0.0,19.9,Clear
2019-05-22,300.5,0.0,0.0,0.0,41.3,25.1,35.6,0.0,61.4,Partially cloudy
2019-05-23,266.4,0.0058333333333333,0.0,0.0,35.6,27.1,30.7,1.0,76.1,"Rain, Overcast"
2019-05-24,312.0,0.0,0.0,0.0,34.6,22.0,27.7,16.51,60.2,"Rain, Partially cloudy"
2019-05-25,393.3,0.0,0.0,0.0,36.1,21.7,29.5,0.0,15.6,Clear
2019-05-26,387.4,0.0,0.0,0.0,38.6,22.1,31.2,0.0,5.5,Clear
2019-05-27,373.8,0.0,0.0,0.0,40.3,24.5,31.4,0.0,3.8,Clear
2019-05-28,391.6,0.0,0.0,0.0,41.6,24.1,31.9,0.0,0.0,Clear
2019-05-29,349.2,0.0,0.0,0.0,43.1,25.1,35.2,0.0,6.3,Clear
2019-05-30,314.8,0.0038888888888888,0.0,0.0,44.1,25.1,35.8,0.0,4.1,Clear
2019-05-31,340.5,0.0,0.0,0.0,44.6,26.1,36.4,0.0,8.6,Clear
2019-06-01,315.3,0.0,0.0,0.0,42.9,28.1,35.3,0.0,12.1,Clear
2019-06-02,322.9,0.0,0.0,0.0,42.5,29.2,35.5,0.0,28.0,Partially cloudy
2019-06-03,316.1,0.0,0.0,0.0,38.6,29.4,34.0,0.0,12.0,Clear
2019-06-04,307.4,0.0019444444444444,0.0,0.0,39.6,22.1,31.3,2.78,41.0,"Rain, Partially cloudy"
2019-06-05,301.9,0.0,0.0,0.0,43.5,27.1,34.9,0.0,42.0,Partially cloudy
2019-06-06,247.4,0.0,0.0,0.0,40.1,28.1,33.2,3.59,59.8,"Rain, Partially cloudy"
2019-06-07,363.2,0.0019444444444444,0.0,0.0,40.3,23.1,32.0,1.0,13.8,Rain
2019-06-08,347.9,0.0,0.0,0.0,42.9,25.1,34.9,0.0,5.6,Clear
2019-06-09,347.8,0.0019444444444444,0.0,0.0,43.5,26.1,36.4,0.0,9.1,Clear
2019-06-10,345.1,0.0,0.0,0.0,45.0,27.2,36.5,0.0,1.3,Clear
2019-06-11,328.3,0.0,0.0,0.0,44.1,28.1,36.6,0.2,28.9,"Rain, Partially cloudy"
2019-06-12,247.0,0.0038888888888888,0.0,4.674444444444444,40.1,27.8,34.4,2.81,43.6,"Rain, Partially cloudy"
2019-06-13,329.4,0.0,0.0,1.0472222222222225,41.1,26.1,34.0,3.62,27.6,"Rain, Partially cloudy"
2019-06-14,359.4,0.0,0.0,0.0,43.0,27.2,34.7,0.0,3.2,Clear
2019-06-15,311.3,0.0019444444444444,0.0,0.9241666666666668,43.1,26.9,35.0,0.0,25.4,Partially cloudy
2019-06-16,240.3,0.0,0.0,0.0,36.6,28.3,31.6,2.42,59.1,"Rain, Partially cloudy"
2019-06-17,339.3,0.0061111111111111,0.0,2.816666666666667,39.3,23.2,31.6,28.6,32.5,"Rain, Partially cloudy"
2019-06-18,159.0,0.0,0.0,0.0,32.1,23.4,27.4,3.11,74.1,"Rain, Partially cloudy"
2019-06-19,337.2,0.0,0.0,0.0,37.1,25.1,31.0,0.0,39.4,Partially cloudy
2019-06-20,276.8,0.0022222222222222,0.0,0.0,37.1,26.7,30.2,50.01,35.8,"Rain, Partially cloudy"
2019-06-21,268.0,0.0019444444444444,0.0,0.0,37.1,24.1,30.6,48.0,55.4,"Rain, Partially cloudy"
2019-06-22,348.1,0.0061111111111111,0.0,0.0,40.1,25.1,33.5,0.0,11.0,Clear
2019-06-23,336.9,0.0,0.0,0.0,39.1,28.7,33.1,0.0,14.9,Clear
2019-06-24,259.0,0.0,0.0,1.27,36.1,25.8,30.5,24.0,67.5,"Rain, Partially cloudy"
2019-06-25,276.5,0.0,0.0,0.0,35.6,26.1,31.5,0.4,81.1,"Rain, Overcast"
2019-06-26,357.9,0.0,0.0,0.0,38.7,28.2,32.9,0.0,14.9,Clear
2019-06-27,279.0,0.0,0.0,0.0,37.6,29.1,33.1,0.0,33.6,Partially cloudy
2019-06-28,350.0,0.0,0.0,0.0,39.3,28.2,34.3,0.0,3.6,Clear
2019-06-29,328.5,0.0,0.0,0.0,41.0,30.1,35.1,0.0,0.1,Clear
2019-06-30,297.2,0.0019444444444444,0.0,0.0,38.7,28.7,33.6,0.71,15.1,Rain
2019-07-01,322.8,0.0,0.0,0.0,39.2,29.4,34.3,12.0,11.4,Rain
2019-07-02,325.0,0.0038888888888888,0.0,0.0,39.1,28.9,34.3,0.0,12.4,Clear
2019-07-03,297.9,0.0,0.0,0.0,38.6,30.1,34.5,3.0,4.0,Rain
2019-07-04,200.0,0.0,0.0,0.0,32.3,28.3,30.2,43.37,53.3,"Rain, Partially cloudy"
2019-07-05,325.0,0.0,0.0,0.0,37.0,27.3,32.4,0.6,17.6,Rain
2019-07-06,201.9,0.0022222222222222,0.0,0.0,34.7,26.8,29.4,31.04,39.8,"Rain, Partially cloudy"
2019-07-07,354.5,0.0,0.0,0.0,36.1,27.7,32.0,49.0,40.3,"Rain, Partially cloudy"
2019-07-08,321.6,0.0,0.0,0.0,35.4,27.1,31.2,90.0,50.3,"Rain, Partially cloudy"
2019-07-09,261.9,0.0,0.0,0.0,32.0,24.1,28.9,41.42,68.4,"Rain, Partially cloudy"
2019-07-10,136.4,0.0061111111111111,0.0,6.672500000000001,33.1,25.2,29.4,62.76,82.7,"Rain, Overcast"
2019-07-11,226.8,0.0,0.0,0.0,31.1,22.1,28.3,16.85,68.7,"Rain, Partially cloudy"
2019-07-12,158.9,0.0,0.0,0.0,33.1,24.2,28.9,22.26,63.6,"Rain, Partially cloudy"
2019-07-13,247.0,0.0,0.0,0.0,32.6,24.1,27.9,21.68,51.9,"Rain, Partially cloudy"
2019-07-14,52.0,0.0,0.0,2.323611111111111,28.5,22.1,24.6,137.68,66.1,"Rain, Partially cloudy"
2019-07-15,165.9,0.0,0.0,0.9325,29.1,23.1,26.4,80.05,85.4,"Rain, Overcast"
2019-07-16,161.6,0.0,0.0,0.0,28.1,22.9,25.0,55.09,74.8,"Rain, Partially cloudy"
2019-07-17,269.6,0.0019444444444444,0.0,0.0,30.2,24.1,27.2,9.4,77.2,"Rain, Overcast"
2019-07-18,313.7,0.0,0.0,0.0,32.0,25.4,28.2,1.1,54.9,"Rain, Partially cloudy"
2019-07-19,251.9,0.0,0.0,0.0,32.0,27.0,29.0,10.81,61.4,"Rain, Partially cloudy"
2019-07-20,292.0,0.0,0.0,0.0841666666666666,32.9,27.1,29.8,6.0,62.3,"Rain, Partially cloudy"
2019-07-21,346.3,0.0,0.0,0.0841666666666666,34.1,27.1,30.6,0.0,37.9,Partially cloudy
2019-07-22,320.4,0.0,0.0,0.9769444444444444,35.4,27.1,31.5,2.0,49.2,"Rain, Partially cloudy"
2019-07-23,306.2,0.0,0.0,0.0,36.1,27.8,32.0,11.0,33.8,"Rain, Partially cloudy"
2019-07-24,345.0,0.0,0.0,0.0,36.3,28.1,32.3,37.0,33.3,"Rain, Partially cloudy"
2019-07-25,64.9,0.0,0.0,5.6850000000000005,29.6,26.1,27.3,13.53,84.1,"Rain, Overcast"
2019-07-26,189.1,0.0,0.0,0.0,31.1,26.1,27.8,49.4,78.6,"Rain, Overcast"
2019-07-27,166.2,0.0,0.0,0.0,30.1,25.4,27.9,22.73,89.5,"Rain, Overcast"
2019-07-28,271.1,0.0,0.0,0.0,34.1,26.2,29.9,13.0,77.9,"Rain, Overcast"
2019-07-29,368.4,0.0,0.0,0.0,34.1,27.7,30.9,2.0,55.2,"Rain, Partially cloudy"
2019-07-30,304.1,0.0,0.0,0.0,32.5,26.1,29.1,1.6,85.2,"Rain, Overcast"
2019-07-31,129.6,0.0,0.0,0.0,29.6,25.3,27.7,7.99,89.4,"Rain, Overcast"
2019-08-01,255.3,0.0,0.0,0.0,33.1,27.1,29.7,19.1,81.1,"Rain, Overcast"
2019-08-02,101.7,0.0,0.0,0.8766666666666667,29.1,24.1,26.9,65.14,71.3,"Rain, Partially cloudy"
2019-08-03,294.8,0.0,0.0,0.0,32.1,26.1,28.7,0.0,50.1,Partially cloudy
2019-08-04,316.8,0.0,0.0,0.0,35.0,26.1,30.6,3.0,42.1,"Rain, Partially cloudy"
2019-08-05,322.7,0.0,0.0,0.2525,34.6,28.3,31.4,1.0,52.2,"Rain, Partially cloudy"
2019-08-06,243.2,0.0,0.0,0.0,30.7,27.6,29.1,45.24,59.4,"Rain, Partially cloudy"
2019-08-07,272.0,0.0,0.0,0.0,34.8,27.1,30.4,0.0,75.7,Overcast
2019-08-08,295.2,0.0019444444444444,0.0,0.0,35.0,28.1,31.6,0.1,77.8,"Rain, Overcast"
2019-08-09,220.1,3.1441666666666666,0.0,0.5047222222222223,32.0,25.1,29.1,4.29,76.0,"Rain, Overcast"
2019-08-10,273.1,0.0041666666666666,0.0,0.1680555555555555,34.2,27.1,29.7,2.0,62.2,"Rain, Partially cloudy"
2019-08-11,304.3,0.0,0.0,1.1713888888888888,34.1,27.1,31.0,11.2,58.2,"Rain, Partially cloudy"
2019-08-12,165.2,0.0,0.0,2.413888888888889,35.4,28.1,30.8,7.77,63.8,"Rain, Partially cloudy"
2019-08-13,341.9,0.0,0.0,0.0,33.1,27.9,30.5,44.49,85.1,"Rain, Overcast"
2019-08-14,215.6,0.0,0.0,0.0,33.3,25.1,29.2,31.41,77.0,"Rain, Overcast"
2019-08-15,188.1,0.0019444444444444,0.0,0.0,31.9,27.1,29.1,40.31,79.8,"Rain, Overcast"
2019-08-16,233.5,0.0,0.0,7.4719444444444445,32.2,26.1,28.4,80.89,80.1,"Rain, Overcast"
2019-08-17,140.6,0.0019444444444444,0.0,1.5630555555555554,28.1,24.2,26.5,122.9,70.4,"Rain, Partially cloudy"
2019-08-18,293.6,0.0,0.0,7.088333333333334,29.2,24.1,26.0,130.04,83.8,"Rain, Overcast"
2019-08-19,284.5,0.0,0.0,1.0741666666666667,33.1,24.1,28.2,41.83,60.5,"Rain, Partially cloudy"
2019-08-20,368.8,0.0,0.0,0.0,33.1,24.1,29.0,0.0,40.8,Partially cloudy
2019-08-21,350.7,0.0,0.0,0.0,34.8,25.1,29.8,0.0,34.1,Partially cloudy
2019-08-22,305.3,0.0,0.0,0.0,33.9,24.1,29.0,7.0,42.2,"Rain, Partially cloudy"
2019-08-23,342.4,0.0022222222222222,0.0,0.0,35.1,26.1,29.9,15.81,52.0,"Rain, Partially cloudy"
2019-08-24,228.4,0.0,0.0,0.0,34.6,26.1,28.8,7.1,67.6,"Rain, Partially cloudy"
2019-08-25,178.5,0.0038888888888888,0.0,0.0,29.1,24.1,26.8,79.27,80.7,"Rain, Overcast"
2019-08-26,344.4,0.0,0.0,0.0,37.1,26.1,30.5,9.0,70.0,"Rain, Partially cloudy"
2019-08-27,348.3,0.0,0.0,8.283333333333335,36.1,27.1,31.1,0.0,44.3,Partially cloudy
2019-08-28,352.8,0.0,0.0,0.6730555555555555,36.0,27.1,30.6,4.0,27.6,"Rain, Partially cloudy"
2019-08-29,176.7,0.0,0.0,0.1680555555555555,31.2,27.9,29.7,37.1,60.7,"Rain, Partially cloudy"
2019-08-30,269.09,0.0,0.0,0.0838888888888888,34.1,27.1,30.7,0.0,50.2,Partially cloudy
2019-08-31,293.3,0.0,0.0,0.8027777777777777,35.6,28.4,31.8,0.0,29.1,Partially cloudy
2019-09-01,209.2,0.0,0.0,0.0,31.6,27.2,29.2,51.44,81.1,"Rain, Overcast"
2019-09-02,287.0,0.0,0.0,0.0,36.1,26.1,30.1,0.0,61.0,Partially cloudy
2019-09-03,324.3,0.0,0.0,0.0,35.3,27.1,31.1,0.0,40.3,Partially cloudy
2019-09-04,240.2,0.0019444444444444,0.0,0.0,33.2,26.5,29.0,70.3,65.1,"Rain, Partially cloudy"
2019-09-05,142.2,0.0,0.0,5.981388888888889,30.2,24.5,27.2,178.47,82.0,"Rain, Overcast"
2019-09-06,288.4,0.0,0.0,2.916388888888889,33.6,26.7,30.0,1.73,59.3,"Rain, Partially cloudy"
2019-09-07,263.7,0.0,0.0,1.0091666666666663,34.0,27.6,30.2,0.1,48.5,"Rain, Partially cloudy"
2019-09-08,269.1,0.0080555555555555,0.0,0.0,33.3,27.6,30.2,2.0,38.2,"Rain, Partially cloudy"
2019-09-09,332.4,0.0,0.0,0.0,34.8,27.7,30.9,0.0,23.6,Clear
2019-09-10,292.9,0.0,0.0,0.2522222222222222,35.1,28.0,31.4,0.0,28.0,Partially cloudy
2019-09-11,286.5,0.0,0.0,0.0,35.0,28.7,31.6,4.0,22.2,Rain
2019-09-12,252.9,0.0,0.0,0.0,33.8,27.7,30.8,0.0,34.6,Partially cloudy
2019-09-13,206.6,0.0,0.0,0.0,33.6,27.1,30.1,0.2,57.7,"Rain, Partially cloudy"
2019-09-14,273.1,0.0,0.0,0.0,34.1,26.1,30.0,1.0,48.1,"Rain, Partially cloudy"
2019-09-15,250.8,0.0,0.0,0.0841666666666666,35.1,26.2,30.1,0.0,39.9,Partially cloudy
2019-09-16,272.7,0.0,0.0,0.0,35.1,25.1,30.1,0.0,29.2,Partially cloudy
2019-09-17,320.7,0.0,0.0,0.0,35.1,26.1,30.4,0.0,32.6,Partially cloudy
2019-09-18,317.6,0.0,0.0,0.0841666666666666,34.1,25.7,29.2,0.0,32.7,Partially cloudy
2019-09-19,281.1,0.0,0.0,0.0,31.1,25.1,28.4,43.0,59.1,"Rain, Partially cloudy"
2019-09-20,313.5,0.0,0.0,0.0841666666666666,34.1,24.7,29.2,0.0,38.3,Partially cloudy
2019-09-21,301.8,0.0,0.0,1.1775,33.6,24.9,28.4,0.0,38.8,Partially cloudy
2019-09-22,294.5,0.0,0.0,0.0,33.1,25.1,27.8,0.42,33.9,"Rain, Partially cloudy"
2019-09-23,328.41,0.0019444444444444,0.0,0.0,34.1,23.7,28.7,3.0,26.7,"Rain, Partially cloudy"
2019-09-24,308.3,0.0,0.0,0.0,34.1,24.9,29.1,0.0,26.8,Partially cloudy
2019-09-25,287.9,0.0019444444444444,0.0,0.0,32.3,25.4,28.3,4.0,38.6,"Rain, Partially cloudy"
2019-09-26,241.4,0.0019444444444444,0.0,1.2538888888888888,32.6,25.2,28.9,27.1,49.2,"Rain, Partially cloudy"
2019-09-27,256.1,0.0,0.0,0.0,31.3,23.1,27.3,40.83,38.0,"Rain, Partially cloudy"
2019-09-28,217.9,0.0,0.0,1.6175,32.1,23.2,26.6,28.94,52.4,"Rain, Partially cloudy"
2019-09-29,123.91,0.0,0.0,0.0,25.9,22.1,23.7,58.59,84.7,"Rain, Overcast"
2019-09-30,176.3,0.0,0.0,0.0,29.1,22.7,25.8,38.69,61.4,"Rain, Partially cloudy"
2019-10-01,226.9,0.0022222222222222,0.0,0.0,31.1,23.1,26.9,93.0,54.5,"Rain, Partially cloudy"
2019-10-02,301.9,0.0,0.0,0.7591666666666667,32.1,23.1,27.3,7.0,38.5,"Rain, Partially cloudy"
2019-10-03,282.1,0.0,0.0,8.762500000000001,32.1,21.2,27.1,13.4,56.5,"Rain, Partially cloudy"
2019-10-04,206.4,0.0,0.0,0.0838888888888888,29.1,20.2,24.5,0.0,69.6,Partially cloudy
2019-10-05,311.3,0.0019444444444444,0.0,0.0,31.1,19.9,25.5,0.0,46.3,Partially cloudy
2019-10-06,267.1,0.0,0.0,1.0102777777777778,31.1,20.4,25.7,0.0,55.5,Partially cloudy
2019-10-07,211.8,0.0019444444444444,0.0,0.1683333333333333,32.1,21.7,25.9,0.0,51.6,Partially cloudy
2019-10-08,331.4,0.0,0.0,1.767777777777778,31.6,19.1,25.1,0.0,10.5,Clear
2019-10-09,297.2,0.0022222222222222,0.0,0.5052777777777778,31.1,19.9,25.6,0.0,18.1,Clear
2019-10-10,303.0,0.0,0.0,0.0838888888888888,32.1,19.4,25.4,0.0,8.2,Clear
2019-10-11,299.0,0.0,0.0,0.0,32.1,19.7,25.6,0.0,4.0,Clear
2019-10-12,284.9,0.0,0.0,0.0,32.6,20.1,25.9,0.0,8.8,Clear
2019-10-13,276.3,0.0,0.0,0.0,32.1,20.1,26.4,0.0,7.3,Clear
2019-10-14,259.8,0.0,0.0,0.0,32.6,21.1,26.1,0.0,14.0,Clear
2019-10-15,263.9,0.0,0.0,0.0,32.8,21.2,25.7,0.0,1.7,Clear
2019-10-16,226.1,0.0,0.0,0.0,32.1,21.1,26.4,0.0,10.1,Clear
2019-10-17,190.0,0.0,0.0,0.0,32.1,21.1,26.0,0.0,5.5,Clear
2019-10-18,223.5,0.0,0.0,0.0,32.1,19.7,25.3,0.0,16.1,Clear
2019-10-19,255.9,0.0,0.0,0.5886111111111112,32.6,19.1,24.7,0.0,10.6,Clear
2019-10-20,318.7,0.0,0.0,1.9361111111111111,31.6,17.7,24.5,0.0,18.1,Clear
2019-10-21,320.9,0.0,0.0,0.0,30.3,17.1,23.4,0.0,2.9,Clear
2019-10-22,321.8,0.0,0.0,0.0,32.1,17.1,24.3,0.0,0.0,Clear
2019-10-23,283.9,0.0,0.0,0.0,31.1,16.1,23.3,0.0,0.0,Clear
2019-10-24,233.6,0.0,0.0,0.0,31.0,17.9,23.7,0.0,0.0,Clear
2019-10-25,213.2,0.0,0.0,0.0,30.1,18.9,23.9,0.0,6.6,Clear
2019-10-26,196.7,0.0,0.0,0.0,29.3,18.7,23.3,0.0,1.3,Clear
2019-10-27,239.0,0.0,0.0,0.0,30.1,16.1,22.3,0.0,0.0,Clear
2019-10-28,207.6,0.0041666666666666,0.0,0.0,30.3,16.2,23.3,0.0,0.0,Clear
2019-10-29,150.0,0.0,0.0,0.0,29.3,17.4,23.0,0.0,20.5,Clear
2019-10-30,141.6,0.0,0.0,0.0,30.1,18.1,23.6,0.0,34.4,Partially cloudy
2019-10-31,183.5,0.0,0.0,0.0,30.6,17.1,23.5,0.0,0.3,Clear
2019-11-01,175.1,0.0,0.0,0.0,30.0,17.2,22.8,0.0,14.7,Clear
2019-11-02,77.9,0.0022222222222222,0.0,1.913333333333333,28.1,17.7,23.2,0.0,53.5,Partially cloudy
2019-11-03,130.0,0.0038888888888888,0.0,0.8419444444444445,29.1,17.1,22.3,0.0,38.7,Partially cloudy
2019-11-04,247.6,0.0,0.0,7.932222222222222,29.1,17.1,22.7,0.0,6.2,Clear
2019-11-05,246.7,0.0019444444444444,0.0,0.1683333333333333,30.1,16.5,22.9,0.0,0.1,Clear
2019-11-06,150.91,0.0,0.0,0.0841666666666666,28.7,15.4,21.5,0.0,18.4,Clear
2019-11-07,146.59,0.0,0.0,0.1683333333333333,24.8,17.1,19.9,9.46,78.1,"Rain, Overcast"
2019-11-08,205.8,0.0019444444444444,0.0,1.087777777777778,27.6,14.2,19.9,5.16,28.4,"Rain, Partially cloudy"
2019-11-09,204.6,0.0,0.0,2.8772222222222226,28.6,15.1,19.8,0.0,3.6,Clear
2019-11-10,212.09,0.0,0.0,0.0,26.6,13.2,18.1,0.0,10.8,Clear
2019-11-11,138.8,0.0,0.0,0.0,24.3,12.4,16.9,0.0,30.6,Partially cloudy
2019-11-12,226.7,0.0,0.0,0.0,27.0,11.8,18.0,0.0,27.8,Partially cloudy
2019-11-13,179.5,0.0,0.0,0.0,26.0,13.1,18.3,0.0,45.6,Partially cloudy
2019-11-14,118.8,0.0,0.0,2.0119444444444445,25.0,16.1,19.6,0.0,35.3,Partially cloudy
2019-11-15,168.0,0.0,0.0,0.5894444444444445,27.3,16.1,20.5,0.0,35.6,Partially cloudy
2019-11-16,129.9,0.0,0.0,3.888611111111111,25.6,16.1,19.9,0.4,35.1,"Rain, Partially cloudy"
2019-11-17,312.4,0.0,0.0,0.0,27.0,15.1,19.7,0.0,7.3,Clear
2019-11-18,290.5,0.0,0.0,0.0,26.6,15.1,19.1,0.0,0.0,Clear
2019-11-19,254.2,0.0,0.0,0.0841666666666666,26.3,12.7,17.8,0.0,7.9,Clear
2019-11-20,231.6,0.0,0.0,0.0,26.6,11.1,17.1,0.0,26.2,Partially cloudy
2019-11-21,181.7,0.0,0.0,0.0,25.6,11.1,17.2,0.0,39.5,Partially cloudy
2019-11-22,160.7,0.0,0.0,0.0,23.1,13.2,17.7,0.0,56.6,Partially cloudy
2019-11-23,167.9,0.0,0.0,0.0,26.0,15.7,19.6,0.0,46.3,Partially cloudy
2019-11-24,257.9,0.0,0.0,0.0,26.6,13.2,18.6,0.0,9.5,Clear
2019-11-25,248.1,0.0,0.0,0.0841666666666666,26.0,12.4,17.7,0.0,23.5,Clear
2019-11-26,27.1,0.0019444444444444,0.0,0.0,19.0,14.4,15.9,62.99,74.2,"Rain, Partially cloudy"
2019-11-27,72.6,0.0,0.0,3.3469444444444445,22.9,15.1,18.4,15.66,72.3,"Rain, Partially cloudy"
2019-11-28,43.7,0.0,0.0,5.030555555555555,21.6,15.1,17.4,18.21,69.0,"Rain, Partially cloudy"
2019-11-29,216.2,0.0022222222222222,0.0,0.0,22.3,14.0,17.0,0.0,30.8,Partially cloudy
2019-11-30,256.5,0.0,0.0,0.0,22.6,13.4,16.6,0.0,0.0,Clear
2019-12-01,243.9,0.0,0.0,0.0,21.6,11.4,15.3,0.0,0.0,Clear
2019-12-02,244.6,0.0,0.0,0.0,21.6,9.2,14.3,0.0,0.0,Clear
2019-12-03,271.5,0.0,0.0,0.7566666666666666,22.6,8.4,13.8,0.0,0.0,Clear
2019-12-04,238.0,0.0,0.0,0.0,22.1,8.1,13.7,0.0,15.5,Clear
2019-12-05,179.3,0.0,0.0,0.0841666666666666,21.6,9.1,13.7,0.0,8.1,Clear
2019-12-06,243.3,0.0,0.0,0.0,23.6,10.4,15.3,0.0,1.3,Clear
2019-12-07,221.0,0.0,0.0,0.0,23.3,9.2,14.7,0.0,0.0,Clear
2019-12-08,257.59,0.0,0.0,0.1683333333333333,22.0,9.1,14.2,0.0,5.0,Clear
2019-12-09,183.0,0.0,0.0,0.0841666666666666,21.0,9.2,14.1,0.0,45.5,Partially cloudy
2019-12-10,218.2,0.0,0.0,3.0302777777777776,20.3,9.2,13.6,0.0,16.1,Clear
2019-12-11,143.1,0.0,0.0,0.0,19.4,8.2,13.6,0.0,17.9,Clear
2019-12-12,36.0,0.0,0.0,0.0,17.2,13.4,15.1,3.83,91.6,"Rain, Overcast"
2019-12-13,52.4,0.0,0.0,0.8602777777777778,17.1,12.1,14.2,43.45,87.9,"Rain, Overcast"
2019-12-14,185.6,0.0,0.0,0.0,17.8,11.4,13.9,0.0,54.2,Partially cloudy
2019-12-15,246.6,0.0022222222222222,0.0,0.0,19.0,10.4,13.6,0.0,16.2,Clear
2019-12-16,39.3,0.0,0.0,0.5791666666666667,13.0,10.1,11.5,0.0,0.1,Clear
2019-12-17,113.8,0.0,0.0,2.355277777777778,15.3,9.4,11.8,0.0,11.1,Clear
2019-12-18,86.8,0.0,0.0,2.805555555555556,13.1,8.8,10.3,0.0,25.1,Partially cloudy
2019-12-19,133.9,0.0,0.0,0.0,14.0,6.2,10.0,0.0,10.1,Clear
2019-12-20,130.6,0.0,0.0,0.0,15.4,7.8,11.5,0.0,42.9,Partially cloudy
2019-12-21,89.4,0.0,0.0,0.0,14.3,8.0,10.5,0.0,0.2,Clear
2019-12-22,57.4,0.0025,0.0,0.0,12.4,9.4,10.2,0.0,0.3,Clear
2019-12-23,46.0,0.0,0.0,1.6277777777777778,10.6,8.2,9.3,0.0,0.3,Clear
2019-12-24,47.6,0.0,0.0,2.873611111111111,11.4,8.7,9.8,0.0,7.4,Clear
2019-12-25,62.5,0.0,0.0,0.0,9.8,6.2,8.1,0.0,0.0,Clear
2019-12-26,56.5,0.0,0.0,0.0,10.5,7.1,8.3,0.0,10.1,Clear
2019-12-27,89.8,0.0,0.0,0.0,10.6,5.7,8.0,0.0,7.7,Clear
2019-12-28,99.8,0.0,0.0,0.0,10.1,5.4,7.3,0.0,0.5,Clear
2019-12-29,144.1,0.0,0.0,0.0,9.8,6.0,7.2,0.0,0.5,Clear
2019-12-30,103.59,0.0,0.0,2.148055555555556,12.0,5.0,7.0,0.0,4.3,Clear
2019-12-31,226.1,0.0,0.0,0.0,14.1,4.7,8.1,0.0,13.3,Clear
2020-01-01,224.5,0.0,0.0,0.0,18.0,2.2,9.3,0.0,27.3,Partially cloudy
2020-01-02,197.3,0.0,0.0,0.0,20.1,6.2,11.8,0.0,35.3,Partially cloudy
2020-01-03,213.7,0.0,0.0,0.9230555555555556,21.9,7.2,12.8,0.0,0.5,Clear
2020-01-04,217.4,0.0019444444444444,0.0,0.0,19.0,5.8,11.5,0.0,22.9,Clear
2020-01-05,205.1,0.0,0.0,1.7091666666666667,19.3,7.9,13.1,0.0,57.2,Partially cloudy
2020-01-06,33.8,0.0,0.0,2.043888888888889,14.0,11.1,12.2,6.78,100.0,"Rain, Overcast"
2020-01-07,32.9,0.0,0.0,0.0,13.4,11.9,12.4,13.22,98.8,"Rain, Overcast"
2020-01-08,46.9,0.0,0.0,0.0,13.6,8.2,11.7,27.8,85.1,"Rain, Overcast"
2020-01-09,153.8,0.0,0.0,0.0,14.0,6.9,9.5,38.0,24.5,Rain
2020-01-10,300.3,0.0,0.0,0.0,17.6,6.2,10.4,0.0,10.2,Clear
2020-01-11,252.6,0.0,0.0,0.0,18.6,6.2,11.4,0.0,41.5,Partially cloudy
2020-01-12,160.3,0.0,0.0,0.0838888888888888,17.6,10.0,12.8,0.0,74.7,Partially cloudy
2020-01-13,30.9,0.0,0.0,3.912777777777778,14.0,9.4,11.6,16.92,75.3,"Rain, Overcast"
2020-01-14,240.4,0.0,0.0,0.0,14.0,7.9,10.4,0.0,17.5,Clear
2020-01-15,190.91,0.0,0.0,0.1463888888888888,13.2,6.3,9.5,0.0,8.1,Clear
2020-01-16,113.4,0.0,0.0,0.0,14.0,8.1,10.4,0.5,37.1,"Rain, Partially cloudy"
2020-01-17,95.5,0.0,0.0,0.0,12.7,8.7,10.3,0.0,23.1,Clear
2020-01-18,202.9,0.0,0.0,0.0,17.3,8.9,11.8,0.0,8.4,Clear
2020-01-19,191.5,0.0,0.0,0.0,16.4,8.2,11.3,0.0,6.0,Clear
2020-01-20,147.4,0.0,0.0,0.0,16.6,9.0,12.3,0.0,22.7,Clear
2020-01-21,168.3,0.0,0.0,0.0,18.6,9.7,13.4,0.0,34.8,Partially cloudy
2020-01-22,202.4,0.0,0.0,0.0841666666666666,20.0,7.5,12.8,0.0,0.1,Clear
2020-01-23,318.4,0.0,0.0,0.0,17.8,7.4,11.8,0.0,0.0,Clear
2020-01-24,232.0,0.0,0.0,0.0844444444444444,19.6,7.7,12.1,0.0,3.7,Clear
2020-01-25,202.1,0.0022222222222222,0.0,0.0,15.1,6.2,10.8,0.0,39.2,Partially cloudy
2020-01-26,258.8,0.0019444444444444,0.0,0.0,19.8,6.4,11.8,0.0,0.3,Clear
2020-01-27,36.1,0.0,0.0,0.0847222222222222,13.4,8.0,11.0,1.82,69.8,"Rain, Partially cloudy"
2020-01-28,137.9,0.0,0.0,3.0875,17.0,11.7,13.4,10.57,89.0,"Rain, Overcast"
2020-01-29,178.59,3.7911111111111113,4.416388888888889,1.2958333333333334,18.1,9.4,12.9,24.0,32.9,"Rain, Partially cloudy"
2020-01-30,310.41,0.0,0.0,1.9266666666666663,19.0,8.1,12.3,0.0,0.1,Clear
2020-01-31,151.3,0.0,0.0,0.0,14.1,7.7,10.1,0.0,16.3,Clear
2020-02-01,175.1,0.0,0.0,0.0,16.3,5.9,10.0,0.0,19.7,Clear
2020-02-02,217.8,0.0,0.0,1.6961111111111111,18.3,7.8,11.7,0.0,7.7,Clear
2020-02-03,301.4,0.0,0.0,0.0,19.6,5.2,11.1,0.0,0.0,Clear
2020-02-04,253.1,0.0022222222222222,0.0,0.0,18.3,5.3,11.8,0.0,30.6,Partially cloudy
2020-02-05,310.8,0.0,0.0,0.0,19.0,8.2,12.7,0.0,0.1,Clear
2020-02-06,303.59,0.0,0.0,0.0,18.4,7.1,11.9,0.0,7.3,Clear
2020-02-07,278.7,0.0,0.0,0.0,19.0,6.9,11.9,0.0,4.9,Clear
2020-02-08,295.8,0.0,0.0,0.0,19.3,6.3,12.5,0.0,0.0,Clear
2020-02-09,262.7,0.0,0.0,0.0,20.3,5.9,12.7,0.0,5.5,Clear
2020-02-10,302.5,0.0,0.0,0.0,20.6,6.5,12.9,0.0,18.8,Clear
2020-02-11,197.6,0.0,0.0,1.6044444444444443,21.0,6.9,13.3,0.0,7.1,Clear
2020-02-12,304.4,0.0,0.0,0.0,23.6,11.6,16.3,0.0,0.7,Clear
2020-02-13,324.1,0.0019444444444444,0.0,0.0,25.8,11.9,17.5,0.0,10.1,Clear
2020-02-14,283.1,0.0,0.0,0.0,22.7,12.1,16.3,0.0,3.5,Clear
2020-02-15,355.59,0.0,0.0,0.0,23.1,11.1,16.2,0.0,0.0,Clear
2020-02-16,347.5,0.0,0.0,0.0,25.6,11.1,16.9,0.0,3.9,Clear
2020-02-17,360.3,0.0,0.0,0.0,24.8,10.8,16.7,0.0,0.0,Clear
2020-02-18,352.8,0.0,0.0,0.0,25.3,11.6,17.0,0.0,19.8,Clear
2020-02-19,227.1,0.0,0.0,0.0,22.4,11.1,16.5,0.0,50.2,Partially cloudy
2020-02-20,202.8,0.0019444444444444,0.0,0.0,23.7,15.9,19.2,0.96,65.8,"Rain, Partially cloudy"
2020-02-21,255.6,0.0,0.0,0.0,20.7,14.4,17.0,17.3,59.8,"Rain, Partially cloudy"
2020-02-22,274.2,0.0,0.0,0.0,24.3,13.4,18.2,0.0,14.3,Clear
2020-02-23,254.3,0.0,0.0,0.0,25.0,13.9,18.0,0.0,21.1,Clear
2020-02-24,321.5,0.0,0.0,0.0,24.4,11.7,17.5,0.0,16.7,Clear
2020-02-25,270.3,0.0,0.0,0.0,23.7,13.4,18.3,0.0,11.1,Clear
2020-02-26,267.1,0.0,0.0,0.0,23.1,13.4,17.8,0.0,8.1,Clear
2020-02-27,200.4,0.0,0.0,0.0,22.9,14.7,18.1,0.0,21.3,Clear
2020-02-28,233.5,0.0,0.0,0.0,22.4,14.9,18.5,0.0,39.1,Partially cloudy
2020-02-29,180.8,0.0019444444444444,0.0,0.0,22.5,15.0,18.1,16.75,66.3,"Rain, Partially cloudy"
2020-03-01,336.3,0.0,0.0,0.0,26.3,13.1,18.9,0.0,16.2,Clear
2020-03-02,342.0,0.0,0.0,0.0,25.7,14.1,19.0,0.0,4.0,Clear
2020-03-03,348.0,0.0,0.0,0.0,26.0,13.9,19.2,0.0,0.1,Clear
2020-03-04,338.6,0.0,0.0,0.0,26.4,13.1,19.3,0.0,29.9,Partially cloudy
2020-03-05,295.7,0.0019444444444444,0.0,0.0,24.7,15.1,19.1,4.23,69.5,"Rain, Partially cloudy"
2020-03-06,26.8,0.0,0.0,5.716388888888888,19.0,12.2,14.8,31.56,89.9,"Rain, Overcast"
2020-03-07,127.1,0.0,0.0,0.0,16.0,12.4,14.0,19.21,84.0,"Rain, Overcast"
2020-03-08,373.0,0.0,0.0,0.0,23.6,10.4,16.6,6.0,5.4,Rain
2020-03-09,268.6,0.0,0.0,3.801944444444445,23.6,12.1,17.4,0.0,0.0,Clear
2020-03-10,373.2,0.0,0.0,0.0,24.1,11.7,18.0,0.0,32.1,Partially cloudy
2020-03-11,115.1,0.0122222222222222,0.0,0.0,19.4,14.2,16.7,28.9,85.1,"Rain, Overcast"
2020-03-12,232.1,0.0,0.0,0.0,23.4,15.1,18.8,24.91,43.6,"Rain, Partially cloudy"
2020-03-13,325.4,0.0,0.0,0.0,23.4,12.4,17.3,16.6,50.9,"Rain, Partially cloudy"
2020-03-14,40.7,0.0,0.0,1.2408333333333337,14.8,11.1,13.3,35.27,85.9,"Rain, Overcast"
2020-03-15,363.7,0.0,0.0,0.0,22.7,10.1,16.3,22.0,9.8,Rain
2020-03-16,367.0,0.0,0.0,0.0,25.0,13.6,19.0,0.0,11.0,Clear
2020-03-17,389.09,0.0,0.0,0.0,26.6,14.1,20.0,0.0,1.3,Clear
2020-03-18,369.41,0.0,0.0,0.0,27.0,14.7,20.9,0.0,0.1,Clear
2020-03-19,335.59,0.0,0.0,0.0,27.8,16.4,21.4,0.0,18.4,Clear
2020-03-20,315.7,0.0,0.0,0.0,28.1,15.7,21.0,0.0,37.0,Partially cloudy
2020-03-21,263.1,0.0,0.0,0.0,26.5,16.4,20.6,10.3,53.2,"Rain, Partially cloudy"
2020-03-22,376.7,0.0,0.0,0.0,27.4,14.2,20.9,2.0,12.5,Rain
2020-03-23,357.3,0.0,0.0,0.0,28.9,15.7,22.0,0.0,15.6,Clear
2020-03-24,216.1,0.1283333333333333,0.0,0.0,26.8,19.1,21.7,1.43,77.4,"Rain, Overcast"
2020-03-25,334.8,0.0038888888888888,0.0,0.0,28.9,17.1,22.6,0.0,45.1,Partially cloudy
2020-03-26,61.1,7.642222222222223,10.59027777777778,0.0,27.1,18.2,22.6,0.0,65.2,Partially cloudy
2020-03-27,95.7,0.0,0.0,0.0838888888888888,21.4,17.1,19.8,9.8,93.2,"Rain, Overcast"
2020-03-28,384.59,0.0,0.0,0.0,27.0,15.4,20.9,14.08,11.3,Rain
2020-03-29,411.0,0.0,0.0,0.0,27.9,16.7,21.7,0.0,1.4,Clear
2020-03-30,372.91,0.0,0.0,0.0,28.8,16.2,21.5,0.0,27.5,Partially cloudy
2020-03-31,177.3,0.0,0.0,0.0,26.6,15.9,20.3,0.41,60.0,"Rain, Partially cloudy"
2020-04-01,366.8,0.0,0.0,0.0,29.7,15.1,22.5,0.0,12.7,Clear
2020-04-02,397.8,0.0,0.0,0.0,28.7,17.1,22.4,0.0,5.1,Clear
2020-04-03,393.5,0.0,0.0,0.0,28.8,13.8,21.6,0.0,0.1,Clear
2020-04-04,385.1,0.0,0.0,0.0,30.3,15.7,22.7,0.0,0.1,Clear
2020-04-05,335.2,0.0038888888888888,0.0,0.0,30.1,16.7,23.3,0.0,36.4,Partially cloudy
2020-04-06,385.6,0.0,0.0,0.0,33.0,17.2,24.9,0.0,8.8,Clear
2020-04-07,192.7,0.0,0.0,0.0,27.1,17.4,21.9,0.5,45.7,"Rain, Partially cloudy"
2020-04-08,400.8,0.0,0.0,0.0,29.9,15.3,22.8,3.1,18.0,Rain
2020-04-09,339.1,0.0,0.0,0.0,32.0,16.1,23.9,0.0,38.7,Partially cloudy
2020-04-10,332.6,0.0080555555555555,0.0,0.0,34.0,18.1,25.6,0.0,17.4,Clear
2020-04-11,363.9,0.0,0.0,0.0,35.3,19.1,26.5,0.0,21.1,Clear
2020-04-12,206.7,0.0,0.0,7.335833333333333,34.1,18.3,26.3,0.0,33.8,Partially cloudy
2020-04-13,296.7,0.0,0.0,0.0,36.6,20.1,28.5,0.0,36.6,Partially cloudy
2020-04-14,326.9,0.0,0.0,0.0,37.3,21.2,29.6,0.0,38.8,Partially cloudy
2020-04-15,288.6,0.0,0.0,0.0,37.1,25.4,30.2,0.0,44.8,Partially cloudy
2020-04-16,315.0,0.0,0.0,0.0,36.4,22.7,28.9,0.0,22.9,Clear
2020-04-17,242.9,0.0,0.0,0.0,33.1,22.4,26.4,8.03,76.3,"Rain, Overcast"
2020-04-18,277.4,0.0,0.0,0.0,33.7,18.4,25.1,23.21,59.0,"Rain, Partially cloudy"
2020-04-19,257.1,0.0,0.0,0.0,33.0,18.5,25.8,1.0,41.4,"Rain, Partially cloudy"
2020-04-20,197.4,0.0,0.0,3.5175,30.3,18.7,22.9,14.48,66.2,"Rain, Partially cloudy"
2020-04-21,381.2,0.0,0.0,0.0,31.0,16.1,24.1,3.0,23.3,Rain
2020-04-22,373.8,0.0,0.0,0.0,32.8,18.1,26.2,0.0,9.1,Clear
2020-04-23,169.8,0.0,0.0,4.674166666666666,35.0,20.2,27.5,0.0,45.8,Partially cloudy
2020-04-24,128.8,0.0,0.0,12.21527777777778,35.6,20.7,27.8,0.0,4.9,Clear
2020-04-25,87.0,0.0,0.0,5.249444444444444,33.4,21.0,25.2,0.2,49.6,"Rain, Partially cloudy"
2020-04-26,58.0,0.0,0.0,6.495833333333334,27.6,20.4,23.6,30.79,56.2,"Rain, Partially cloudy"
2020-04-27,139.2,0.0,0.0,4.6241666666666665,26.0,19.4,21.7,34.47,48.1,"Rain, Partially cloudy"
2020-04-28,287.4,0.0,0.0,0.0,33.6,18.8,26.0,0.0,17.5,Clear
2020-04-29,334.5,0.0,0.0,0.0,34.6,20.4,27.8,0.0,2.7,Clear
2020-04-30,301.4,0.0,0.0,0.0,36.1,23.7,29.3,0.0,29.1,Partially cloudy
2020-05-01,322.1,0.0,0.0,0.0,36.6,22.7,29.6,13.0,8.5,Rain
2020-05-02,166.6,0.0019444444444444,0.0,2.521666666666667,33.6,24.0,27.9,2.2,65.0,"Rain, Partially cloudy"
2020-05-03,320.4,0.0038888888888888,0.0,23.73583333333333,34.0,22.3,27.0,18.99,70.1,"Rain, Partially cloudy"
2020-05-04,244.0,0.0,0.0,9.293611111111112,32.6,19.4,26.3,38.93,34.0,"Rain, Partially cloudy"
2020-05-05,302.6,0.0022222222222222,0.0,0.0,33.9,21.9,27.7,0.0,33.6,Partially cloudy
2020-05-06,171.0,0.0,0.0,6.1402777777777775,34.0,21.4,26.9,0.3,58.1,"Rain, Partially cloudy"
2020-05-07,376.0,0.0,0.0,0.0,35.1,20.1,27.7,0.0,5.2,Clear
2020-05-08,344.8,0.0,0.0,0.0,37.2,20.2,28.7,0.0,1.3,Clear
2020-05-09,281.2,0.0,0.0,0.0,37.0,22.4,30.1,0.0,12.6,Clear
2020-05-10,21.9,0.0,0.0,9.70388888888889,29.3,21.6,25.7,8.58,43.8,"Rain, Partially cloudy"
2020-05-11,334.8,0.0,0.0,0.0,32.4,20.7,27.1,4.2,38.7,"Rain, Partially cloudy"
2020-05-12,322.6,0.0058333333333333,0.0,0.0,33.6,20.6,27.3,25.83,51.4,"Rain, Partially cloudy"
2020-05-13,224.6,0.0022222222222222,0.0,0.0,32.8,24.7,27.6,0.0,55.0,Partially cloudy
2020-05-14,197.6,0.0063888888888888,0.0,4.068333333333333,34.0,23.1,26.8,10.0,31.8,"Rain, Partially cloudy"
2020-05-15,335.9,0.0022222222222222,0.0,0.0,35.2,22.4,29.3,10.0,35.6,"Rain, Partially cloudy"
2020-05-16,319.4,0.0,0.0,0.0,37.1,22.7,30.2,0.0,6.3,Clear
2020-05-17,336.9,0.0,0.0,0.0,37.7,23.9,30.9,0.0,37.1,Partially cloudy
2020-05-18,297.91,0.0,0.0,0.0,38.8,23.4,30.4,0.0,17.8,Clear
2020-05-19,341.8,0.0019444444444444,0.0,0.0,38.8,20.8,29.7,0.0,16.1,Clear
2020-05-20,349.1,0.0063888888888888,0.0,0.0,38.1,21.2,30.5,0.0,0.0,Clear
2020-05-21,341.2,0.0038888888888888,0.0,0.0,40.0,21.8,31.8,0.0,0.0,Clear
2020-05-22,333.7,0.0,0.0,0.0,41.1,23.7,32.6,0.0,0.0,Clear
2020-05-23,279.0,0.0,0.0,0.0,42.1,26.1,34.8,0.0,38.1,Partially cloudy
2020-05-24,341.6,0.0,0.0,0.0,41.8,23.9,33.4,0.0,3.5,Clear
2020-05-25,363.6,0.0,0.0,0.0,43.0,26.4,34.7,0.0,0.0,Clear
2020-05-26,328.2,0.0,0.0,0.0,44.0,26.3,35.2,0.0,8.2,Clear
2020-05-27,275.8,0.0058333333333333,0.0,0.0,42.6,25.2,34.1,0.88,19.0,Rain
2020-05-28,129.7,0.0061111111111111,0.0,4.525277777777778,37.0,23.1,30.2,19.41,46.9,"Rain, Partially cloudy"
2020-05-29,84.09,0.0061111111111111,0.0,8.2225,29.0,22.8,25.8,21.5,51.3,"Rain, Partially cloudy"
2020-05-30,301.7,0.0,0.0,0.0,33.6,20.9,27.0,41.87,73.0,"Rain, Partially cloudy"
2020-05-31,306.09,0.0,0.0,0.0,30.7,21.7,25.2,79.03,68.1,"Rain, Partially cloudy"
2020-06-01,371.11,0.0022222222222222,0.0,0.0,32.0,21.4,27.3,3.0,30.1,"Rain, Partially cloudy"
2020-06-02,239.3,0.0,0.0,0.0,31.7,24.7,27.3,27.0,36.2,"Rain, Partially cloudy"
2020-06-03,349.7,0.0,0.0,0.0,35.0,22.1,28.4,11.86,47.2,"Rain, Partially cloudy"
2020-06-04,292.8,0.0,0.0,0.0,35.6,23.4,28.7,32.01,63.9,"Rain, Partially cloudy"
2020-06-05,306.2,0.0,0.0,0.0,31.4,22.7,27.2,1.8,49.5,"Rain, Partially cloudy"
2020-06-06,301.7,0.0,0.0,0.0,33.9,24.1,28.5,5.0,32.9,"Rain, Partially cloudy"
2020-06-07,221.5,0.0,0.0,0.0,31.0,21.7,25.8,48.55,56.0,"Rain, Partially cloudy"
2020-06-08,305.09,0.0,0.0,0.0838888888888888,34.5,24.3,29.7,0.0,15.4,Clear
2020-06-09,326.11,0.0058333333333333,0.0,0.0,37.1,26.6,31.8,0.0,0.3,Clear
2020-06-10,260.39,0.0,0.0,0.0,35.5,27.1,31.4,0.0,23.8,Clear
2020-06-11,335.61,0.0,0.0,0.0,39.1,27.3,32.7,0.0,7.9,Clear
2020-06-12,302.89,0.0,0.0,0.0,39.1,26.7,33.1,0.0,20.2,Clear
2020-06-13,258.8,0.0,0.0,0.0,36.1,28.1,30.7,0.23,27.6,"Rain, Partially cloudy"
2020-06-14,326.41,0.0,0.0,0.0,38.8,26.4,32.7,0.0,20.2,Clear
2020-06-15,350.09,0.0,0.0,0.3363888888888889,40.2,28.1,33.4,0.0,5.0,Clear
2020-06-16,339.11,0.0,0.0,0.0,39.8,27.7,33.0,0.0,4.1,Clear
2020-06-17,343.8,0.0,0.0,0.0,38.1,29.0,33.0,0.0,2.0,Clear
2020-06-18,326.91,0.0,0.0,0.0,40.1,28.9,34.0,0.0,1.5,Clear
2020-06-19,294.69,0.0,0.0,0.0,37.8,28.9,32.8,15.64,37.7,"Rain, Partially cloudy"
2020-06-20,306.81,0.0,0.0,0.0,37.4,28.7,32.0,10.0,31.1,"Rain, Partially cloudy"
2020-06-21,263.3,0.0,0.0,0.0,34.2,27.6,31.1,35.28,24.0,Rain
2020-06-22,322.8,0.0,0.0,0.0,34.8,24.1,29.9,3.27,48.5,"Rain, Partially cloudy"
2020-06-23,320.5,0.0,0.0,0.0,36.1,28.6,32.3,0.0,21.0,Clear
2020-06-24,285.2,0.0,0.0,0.0,34.2,28.1,30.3,22.4,44.6,"Rain, Partially cloudy"
2020-06-25,204.59,0.0,0.0,0.0,34.3,27.3,30.4,0.7,40.3,"Rain, Partially cloudy"
2020-06-26,274.2,0.0,0.0,0.0,35.6,26.7,31.2,0.0,45.0,Partially cloudy
2020-06-27,318.41,0.0,0.0,0.0,37.1,28.7,33.2,0.0,36.1,Partially cloudy
2020-06-28,331.09,0.0,0.0,0.0,38.7,30.0,34.9,0.0,28.1,Partially cloudy
2020-06-29,300.41,0.0,0.0,0.0,36.1,28.0,31.8,16.35,24.2,Rain
2020-06-30,314.3,0.0,0.0,0.0,35.8,26.9,31.7,0.0,37.6,Partially cloudy
2020-07-01,325.8,0.0,0.0,0.0,36.9,29.8,33.3,0.0,24.9,Clear
2020-07-02,288.2,0.0025,0.0,0.0,37.6,30.2,33.6,0.2,39.6,"Rain, Partially cloudy"
2020-07-03,309.89,0.0022222222222222,0.0,0.0,40.2,29.9,34.8,0.0,24.5,Clear
2020-07-04,316.91,0.0,0.0,0.0,35.6,26.0,31.1,16.95,31.5,"Rain, Partially cloudy"
2020-07-05,308.59,0.0038888888888888,0.0,0.0,34.1,23.2,29.1,68.02,50.1,"Rain, Partially cloudy"
2020-07-06,333.41,0.0,0.0,0.0,36.1,27.1,31.6,2.0,40.3,"Rain, Partially cloudy"
2020-07-07,336.7,0.0,0.0,0.0,34.4,27.1,31.2,46.27,56.0,"Rain, Partially cloudy"
2020-07-08,78.0,0.0,0.0,0.0,32.1,25.1,28.4,68.33,87.0,"Rain, Overcast"
2020-07-09,328.59,0.0,0.0,0.0,35.1,28.0,31.5,9.44,47.8,"Rain, Partially cloudy"
2020-07-10,338.7,0.0,0.0,0.0,36.6,25.0,32.1,18.0,41.9,"Rain, Partially cloudy"
2020-07-11,196.8,0.0,0.0,0.0,34.1,24.2,29.0,32.86,57.3,"Rain, Partially cloudy"
2020-07-12,104.0,0.0058333333333333,0.0,0.0,31.1,22.1,26.6,116.88,84.6,"Rain, Overcast"
2020-07-13,372.8,0.0,0.0,0.0,34.1,24.4,29.3,0.0,39.3,Partially cloudy
2020-07-14,345.41,0.0,0.0,0.0,35.6,27.7,32.0,0.0,13.5,Clear
2020-07-15,313.5,0.0,0.0,0.0,33.6,24.2,30.2,29.37,38.2,"Rain, Partially cloudy"
2020-07-16,331.2,0.0019444444444444,0.0,0.0,34.0,28.3,31.1,0.2,37.8,"Rain, Partially cloudy"
2020-07-17,320.59,0.0,0.0,0.0,33.5,29.6,31.5,7.61,49.8,"Rain, Partially cloudy"
2020-07-18,198.61,0.0,0.0,0.0,32.9,28.8,30.5,10.52,65.2,"Rain, Partially cloudy"
2020-07-19,276.69,0.0,0.0,0.0,34.8,28.0,30.9,1.0,66.6,"Rain, Partially cloudy"
2020-07-20,256.61,0.0,0.0,0.0,32.3,27.1,29.3,2.02,78.6,"Rain, Overcast"
2020-07-21,129.59,0.0,0.0,0.7575000000000001,27.7,23.7,25.3,52.21,87.3,"Rain, Overcast"
2020-07-22,115.91,0.0019444444444444,0.0,0.0,29.6,24.6,26.7,0.0,69.8,Partially cloudy
2020-07-23,332.41,0.0,0.0,0.0,34.0,25.4,29.8,0.0,41.6,Partially cloudy
2020-07-24,308.59,0.0019444444444444,0.0,0.0,34.1,26.4,31.3,11.0,49.4,"Rain, Partially cloudy"
2020-07-25,290.0,0.0,0.0,0.0,35.1,27.3,31.3,6.0,61.9,"Rain, Partially cloudy"
2020-07-26,313.5,0.0,0.0,0.0841666666666666,36.1,27.7,31.3,26.58,56.6,"Rain, Partially cloudy"
2020-07-27,326.0,0.0041666666666666,0.0,0.0,36.3,29.1,32.4,0.0,44.6,Partially cloudy
2020-07-28,337.5,0.0,0.0,0.0,36.3,29.1,32.5,0.0,52.5,Partially cloudy
2020-07-29,208.91,0.0,0.0,0.0,34.1,27.1,30.0,17.1,83.8,"Rain, Overcast"
2020-07-30,165.59,0.0,0.0,0.0,32.1,25.3,27.8,41.2,74.8,"Rain, Partially cloudy"
2020-07-31,304.41,0.0063888888888888,0.0,0.0,33.1,27.0,29.8,4.96,66.2,"Rain, Partially cloudy"
2020-08-01,103.09,0.0022222222222222,0.0,0.0,29.0,25.8,27.7,24.76,61.2,"Rain, Partially cloudy"
2020-08-02,310.3,0.0041666666666666,0.0,0.0,35.1,26.1,30.6,0.4,47.0,"Rain, Partially cloudy"
2020-08-03,293.2,0.0,0.0,0.0,36.1,28.1,32.1,0.0,47.4,Partially cloudy
2020-08-04,261.8,0.0,0.0,0.0,34.1,26.1,30.9,9.68,53.7,"Rain, Partially cloudy"
2020-08-05,258.5,0.0,0.0,0.0,36.1,29.1,31.5,4.56,60.0,"Rain, Partially cloudy"
2020-08-06,331.2,0.0,0.0,0.0,37.1,29.0,33.1,2.0,78.3,"Rain, Overcast"
2020-08-07,361.61,0.0,0.0,0.0,36.1,28.7,31.9,6.2,66.4,"Rain, Partially cloudy"
2020-08-08,334.3,0.0041666666666666,0.0,0.0841666666666666,36.1,29.1,32.7,32.0,58.8,"Rain, Partially cloudy"
2020-08-09,206.7,0.0,0.0,0.0,34.5,28.1,31.0,42.15,74.7,"Rain, Partially cloudy"
2020-08-10,153.39,0.0,0.0,1.9177777777777776,33.1,28.1,30.0,70.6,90.3,"Rain, Overcast"
2020-08-11,205.5,0.0041666666666666,0.0,0.0,35.1,28.1,30.9,20.75,64.7,"Rain, Partially cloudy"
2020-08-12,255.0,0.0,0.0,0.0,34.1,26.1,30.0,196.26,74.9,"Rain, Partially cloudy"
2020-08-13,194.8,0.0,0.0,0.0,29.1,26.5,28.2,85.4,84.7,"Rain, Overcast"
2020-08-14,273.41,0.0,0.0,0.0,34.1,27.0,31.0,0.0,57.8,Partially cloudy
2020-08-15,335.8,0.0,0.0,0.0,34.1,28.0,31.0,0.0,50.4,Partially cloudy
2020-08-16,248.11,0.0044444444444444,0.0,0.0,33.1,27.1,30.4,7.6,66.7,"Rain, Partially cloudy"
2020-08-17,228.39,0.0,0.0,0.0,31.6,28.0,29.7,83.4,72.6,"Rain, Partially cloudy"
2020-08-18,259.61,0.0,0.0,0.0,35.1,27.9,30.6,57.0,70.5,"Rain, Partially cloudy"
2020-08-19,89.69,0.0019444444444444,0.0,0.0,31.6,24.8,27.6,26.03,78.2,"Rain, Overcast"
2020-08-20,264.61,0.0,0.0,0.0,32.1,25.1,27.8,1.35,79.0,"Rain, Overcast"
2020-08-21,154.2,0.0,0.0,0.0,30.1,24.9,27.1,24.13,86.5,"Rain, Overcast"
2020-08-22,240.3,0.0,0.0,0.0,33.1,26.1,29.4,44.0,75.2,"Rain, Overcast"
2020-08-23,287.0,0.0,0.0,0.0,33.1,25.9,29.7,17.15,60.5,"Rain, Partially cloudy"
2020-08-24,299.7,0.0,0.0,0.0,32.9,26.9,29.6,5.0,51.5,"Rain, Partially cloudy"
2020-08-25,319.59,0.0,0.0,0.0,32.9,27.2,29.7,18.0,48.5,"Rain, Partially cloudy"
2020-08-26,256.09,0.0,0.0,0.0,33.1,27.4,29.7,2.0,58.8,"Rain, Partially cloudy"
2020-08-27,287.31,0.0,0.0,0.0,30.1,26.1,27.9,52.08,76.5,"Rain, Overcast"
2020-08-28,248.39,0.0,0.0,0.0,33.1,25.7,29.0,77.0,74.7,"Rain, Partially cloudy"
2020-08-29,261.8,0.0,0.0,0.0,34.1,25.7,29.9,0.0,48.6,Partially cloudy
2020-08-30,248.5,0.0022222222222222,0.0,0.0,33.1,27.6,29.6,10.0,71.0,"Rain, Partially cloudy"
2020-08-31,262.2,0.0,0.0,0.0,33.1,26.4,29.7,16.0,52.3,"Rain, Partially cloudy"
2020-09-01,234.2,0.0,0.0,0.0,34.1,25.7,29.9,0.0,54.8,Partially cloudy
2020-09-02,295.5,0.0,0.0,0.0,35.1,27.1,30.6,0.0,54.5,Partially cloudy
2020-09-03,230.7,0.0,0.0,0.0,32.1,27.7,29.7,46.08,71.0,"Rain, Partially cloudy"
2020-09-04,219.0,0.0,0.0,1.982777777777778,35.1,27.0,30.2,1.0,53.5,"Rain, Partially cloudy"
2020-09-05,125.2,0.0,0.0,0.0,35.1,25.9,29.1,0.24,64.6,"Rain, Partially cloudy"
2020-09-06,293.3,0.0,0.0,0.0,35.1,25.7,29.3,6.55,73.9,"Rain, Partially cloudy"
2020-09-07,310.5,0.0041666666666666,0.0,0.0,35.1,25.8,30.4,17.0,38.9,"Rain, Partially cloudy"
2020-09-08,339.5,0.0,0.0,0.0,35.0,25.1,29.4,0.0,30.9,Partially cloudy
2020-09-09,331.2,0.0,0.0,0.0,34.8,27.0,30.4,0.0,13.8,Clear
2020-09-10,316.3,0.0,0.0,0.0,34.9,27.0,30.7,0.0,16.3,Clear
2020-09-11,279.59,0.0,0.0,0.0,35.6,26.7,30.3,0.0,15.9,Clear
2020-09-12,326.3,0.0,0.0,0.0,36.3,26.1,31.6,0.0,23.2,Clear
2020-09-13,300.11,0.0,0.0,0.0,35.1,27.1,30.9,0.0,38.9,Partially cloudy
2020-09-14,318.2,0.0,0.0,0.0,36.1,26.7,30.8,0.0,31.5,Partially cloudy
2020-09-15,283.09,0.0,0.0,0.0,35.8,27.1,31.1,0.0,35.7,Partially cloudy
2020-09-16,318.91,0.0,0.0,0.0,37.1,28.1,32.2,0.0,50.4,Partially cloudy
2020-09-17,325.8,0.0,0.0,0.0,36.1,26.4,31.5,0.0,22.9,Clear
2020-09-18,327.8,0.0,0.0,0.0,36.6,27.1,31.6,0.0,18.3,Clear
2020-09-19,306.5,0.0,0.0,0.0,36.3,26.1,30.9,0.0,33.1,Partially cloudy
2020-09-20,314.7,0.0,0.0,0.0,36.1,27.1,31.1,0.0,23.7,Clear
2020-09-21,316.5,0.0,0.0,0.0,37.1,27.1,31.5,0.0,15.3,Clear
2020-09-22,214.59,0.0019444444444444,0.0,0.0,36.1,26.1,31.2,0.0,31.3,Partially cloudy
2020-09-23,223.3,0.0,0.0,0.0,35.1,26.1,30.1,2.5,45.1,"Rain, Partially cloudy"
2020-09-24,250.91,0.0022222222222222,0.0,0.0,34.5,25.1,28.7,10.4,44.1,"Rain, Partially cloudy"
2020-09-25,272.8,0.0,0.0,2.5025,35.1,26.1,29.5,0.0,29.8,Partially cloudy
2020-09-26,225.91,0.0,0.0,0.0,37.1,23.1,29.3,0.0,36.3,Partially cloudy
2020-09-27,324.3,0.0,0.0,0.5888888888888889,35.6,22.1,28.8,0.0,0.1,Clear
2020-09-28,307.7,0.0,0.0,0.0,35.1,22.1,28.6,0.0,0.0,Clear
2020-09-29,316.39,0.0019444444444444,0.0,0.0,35.1,22.1,28.1,0.0,3.3,Clear
2020-09-30,325.0,0.0,0.0,0.0,34.3,23.0,28.0,0.0,0.0,Clear
2020-10-01,297.31,0.0,0.0,0.0,36.1,22.1,28.7,0.0,0.0,Clear
2020-10-02,312.5,0.0,0.0,0.0,35.1,21.1,27.9,0.0,0.0,Clear
2020-10-03,322.8,0.0,0.0,0.0,36.1,21.1,28.0,0.0,0.0,Clear
2020-10-04,331.39,0.0,0.0,0.0,35.3,20.1,27.8,0.0,0.0,Clear
2020-10-05,337.5,0.0,0.0,0.0,36.1,20.1,27.7,0.0,0.0,Clear
2020-10-06,332.31,0.0,0.0,0.0838888888888888,35.1,21.1,27.6,0.0,0.0,Clear
2020-10-07,311.89,0.0,0.0,0.0,35.6,20.1,27.6,0.0,0.0,Clear
2020-10-08,284.91,0.0,0.0,0.5891666666666667,35.1,20.9,27.5,0.0,0.0,Clear
2020-10-09,275.3,0.0,0.0,0.3372222222222222,35.1,20.7,27.7,0.0,0.0,Clear
2020-10-10,280.5,0.0,0.0,0.0841666666666666,35.1,21.1,27.9,0.0,0.0,Clear
2020-10-11,295.09,0.0,0.0,0.0841666666666666,35.6,20.1,27.4,0.0,0.0,Clear
2020-10-12,267.7,0.0,0.0,2.013055555555556,35.1,19.8,27.1,0.0,0.0,Clear
2020-10-13,171.41,0.0,0.0,0.0,34.1,21.7,27.9,0.0,9.3,Clear
2020-10-14,260.3,0.0,0.0,0.0838888888888888,34.1,21.9,27.7,0.0,6.3,Clear
2020-10-15,309.0,0.0,0.0,0.0,35.1,19.1,26.3,0.0,5.0,Clear
2020-10-16,281.5,0.0019444444444444,0.0,0.0,33.6,16.9,23.1,0.0,0.0,Clear
2020-10-17,271.91,0.0,0.0,0.0,34.0,18.1,25.0,0.0,0.0,Clear
2020-10-18,315.09,0.0,0.0,0.0841666666666666,34.1,18.7,25.5,0.0,0.0,Clear
2020-10-19,315.09,0.0,0.0,0.1686111111111111,32.9,17.7,24.1,0.0,0.0,Clear
2020-10-20,302.11,0.0,0.0,1.853055555555556,34.0,16.5,23.6,0.0,0.0,Clear
2020-10-21,285.8,0.0,0.0,0.0,32.8,17.3,23.0,0.0,8.4,Clear
2020-10-22,241.3,0.0,0.0,0.3366666666666666,33.3,18.1,23.3,0.0,18.7,Clear
2020-10-23,249.5,0.0,0.0,0.59,32.8,15.7,22.3,0.0,0.0,Clear
2020-10-24,199.8,0.0019444444444444,0.0,0.6747222222222222,32.1,15.7,23.7,0.0,0.0,Clear
2020-10-25,251.61,0.0038888888888888,0.0,0.3366666666666666,32.6,15.9,24.8,0.0,1.5,Clear
2020-10-26,195.2,0.0,0.0,0.1683333333333333,32.1,16.4,23.6,0.0,8.2,Clear
2020-10-27,272.09,0.0077777777777777,0.0,0.0838888888888888,31.6,16.1,22.9,0.0,0.0,Clear
2020-10-28,259.41,0.0019444444444444,0.0,0.0841666666666666,31.9,14.1,22.3,0.0,0.0,Clear
2020-10-29,222.09,0.0,0.0,0.0841666666666666,31.6,13.4,21.3,0.0,0.0,Clear
2020-10-30,221.09,0.0019444444444444,0.0,2.158055555555556,30.3,13.4,21.0,0.0,0.0,Clear
2020-10-31,259.0,0.0038888888888888,0.0,2.440555555555556,32.1,14.5,22.1,0.0,5.5,Clear
2020-11-01,233.61,0.0,0.0,0.0,31.1,14.2,21.7,0.0,0.0,Clear
2020-11-02,227.7,0.0,0.0,0.0,29.6,13.1,18.7,0.0,0.0,Clear
2020-11-03,203.39,0.0022222222222222,0.0,0.0,28.6,12.4,18.8,0.0,0.0,Clear
2020-11-04,197.11,0.0,0.0,0.0,29.0,13.7,19.9,0.0,0.0,Clear
2020-11-05,229.8,0.0,0.0,0.0,31.0,13.1,20.6,0.0,0.0,Clear
2020-11-06,236.39,0.0,0.0,0.0,31.0,12.7,20.9,0.0,0.0,Clear
2020-11-07,401.19,0.0,0.0,0.6794444444444444,30.0,13.7,20.0,0.0,0.0,Clear
2020-11-08,195.8,0.0,0.0,0.0,28.0,11.9,18.6,0.0,0.0,Clear
2020-11-09,214.7,0.0,0.0,0.0838888888888888,29.3,12.1,18.9,0.0,0.0,Clear
2020-11-10,241.91,0.0,0.0,0.0,29.1,12.1,18.9,0.0,1.7,Clear
2020-11-11,210.3,0.0,0.0,2.7647222222222223,28.3,12.1,18.7,0.0,0.0,Clear
2020-11-12,184.0,0.0,0.0,3.3374999999999995,28.0,12.7,18.7,0.0,0.6,Clear
2020-11-13,191.0,0.0,0.0,0.0838888888888888,27.8,12.2,18.2,0.0,0.0,Clear
2020-11-14,168.41,0.0,0.0,0.0,27.0,11.9,17.7,0.0,1.3,Clear
2020-11-15,146.3,0.0019444444444444,0.0,0.0841666666666666,25.9,14.6,19.4,1.64,58.5,"Rain, Partially cloudy"
2020-11-16,74.59,0.0,0.0,0.0841666666666666,22.1,15.1,18.0,41.77,63.3,"Rain, Partially cloudy"
2020-11-17,265.5,0.0,0.0,0.5891666666666666,24.3,12.7,17.7,0.0,0.1,Clear
2020-11-18,271.61,0.0,0.0,0.0,23.6,12.9,16.7,0.0,0.0,Clear
2020-11-19,227.3,0.0022222222222222,0.0,0.0,22.3,10.8,15.2,0.0,0.1,Clear
2020-11-20,273.2,0.0,0.0,2.6933333333333334,23.6,10.2,15.8,0.0,0.0,Clear
2020-11-21,302.3,0.0022222222222222,0.0,0.0,22.0,10.1,14.9,0.0,5.0,Clear
2020-11-22,243.39,0.0,0.0,0.0,23.0,9.8,15.1,0.0,42.0,Partially cloudy
2020-11-23,140.41,0.0,0.0,0.0,21.4,10.2,15.2,0.0,47.1,Partially cloudy
2020-11-24,116.0,0.0,0.0,0.0,21.8,12.7,16.0,0.0,58.9,Partially cloudy
2020-11-25,27.91,0.0,0.0,0.0,17.7,13.1,15.1,0.69,76.5,"Rain, Overcast"
2020-11-26,213.0,0.0,0.0,0.0,21.6,13.4,16.1,7.37,53.7,"Rain, Partially cloudy"
2020-11-27,288.69,0.0,0.0,0.0,25.0,11.1,16.6,0.0,0.0,Clear
2020-11-28,270.0,0.0,0.0,0.0,25.0,11.5,16.4,0.0,0.1,Clear
2020-11-29,227.41,0.0,0.0,0.0,23.6,9.4,15.0,0.0,9.1,Clear
2020-11-30,243.5,0.0,0.0,0.0,24.6,9.4,15.3,0.0,0.1,Clear
2020-12-01,227.7,0.0,0.0,0.0,24.0,10.4,15.7,0.0,0.0,Clear
2020-12-02,228.89,0.0,0.0,0.0,25.0,10.9,16.2,0.0,0.0,Clear
2020-12-03,207.61,0.0,0.0,0.0841666666666666,23.2,10.4,15.9,0.0,0.0,Clear
2020-12-04,161.89,0.0,0.0,0.0841666666666666,22.7,10.4,16.0,0.0,13.5,Clear
2020-12-05,153.7,0.0,0.0,0.0,23.7,14.0,17.8,0.0,25.7,Partially cloudy
2020-12-06,179.11,0.0,0.0,0.0841666666666666,23.7,15.0,18.0,0.0,0.8,Clear
2020-12-07,197.89,0.0,0.0,1.346666666666667,25.1,14.1,17.9,0.0,0.2,Clear
2020-12-08,214.61,0.0,0.0,0.0841666666666666,24.2,12.7,17.1,0.0,10.1,Clear
2020-12-09,200.3,0.0,0.0,0.0841666666666666,25.0,12.0,17.4,0.0,27.9,Partially cloudy
2020-12-10,213.2,0.0,0.0,0.0,25.1,13.1,17.8,0.0,0.4,Clear
2020-12-11,222.19,0.0,0.0,0.0,26.3,12.2,18.0,0.0,28.6,Partially cloudy
2020-12-12,183.41,0.0,0.0,0.0,21.2,13.7,16.9,17.64,62.9,"Rain, Partially cloudy"
2020-12-13,70.41,0.0,0.0,0.0,13.7,10.2,12.0,0.0,12.9,Clear
2020-12-14,37.5,0.0,0.0,0.0,12.7,9.7,11.1,0.0,0.8,Clear
2020-12-15,212.69,0.0,0.0,0.0,16.1,9.1,11.7,0.0,7.8,Clear
2020-12-16,131.31,0.0058333333333333,0.0,0.0,13.2,6.7,8.7,0.0,0.5,Clear
2020-12-17,201.3,0.0,0.0,0.0,14.3,6.1,9.2,0.0,6.6,Clear
2020-12-18,262.7,0.0,0.0,0.0,16.8,4.9,9.1,0.0,3.6,Clear
2020-12-19,162.59,0.0,0.0,3.0719444444444446,19.6,5.1,11.1,0.0,3.5,Clear
2020-12-20,250.8,0.0,0.0,0.0,20.9,5.9,12.0,0.0,11.5,Clear
2020-12-21,215.2,0.0,0.0,0.0,19.4,7.0,11.7,0.0,19.7,Clear
2020-12-22,201.8,0.0,0.0,0.0,20.2,4.7,11.3,0.0,0.7,Clear
2020-12-23,204.8,0.0066666666666666,0.0,0.0,21.1,5.9,11.7,0.0,0.0,Clear
2020-12-24,204.31,0.0,0.0,0.0,20.1,6.7,12.0,0.0,0.0,Clear
2020-12-25,196.5,0.0,0.0,0.0,19.1,5.0,10.8,0.0,11.3,Clear
2020-12-26,130.09,0.0,0.0,0.0,16.3,5.3,9.3,0.0,5.2,Clear
2020-12-27,153.59,0.0,0.0,4.319166666666667,17.7,4.5,10.2,5.04,27.1,"Rain, Partially cloudy"
2020-12-28,247.41,0.0019444444444444,0.0,0.0,15.6,4.9,9.3,12.5,9.5,Rain
2020-12-29,209.91,0.0,0.0,0.0,15.0,4.6,8.5,0.0,0.0,Clear
2020-12-30,97.8,0.0066666666666666,0.0,0.0,12.7,6.3,8.4,0.0,0.2,Clear
2020-12-31,137.8,0.0,0.0,0.0,14.7,5.5,8.7,0.0,18.1,Clear
2021-01-01,73.59,0.0,0.0,0.0841666666666666,9.8,5.4,7.1,0.0,0.2,Clear
2021-01-02,47.91,0.0,0.0,0.4211111111111111,13.2,8.3,10.9,4.1,37.7,"Rain, Partially cloudy"
2021-01-03,119.09,0.0,0.0,1.0958333333333337,19.7,11.2,15.2,9.8,32.8,"Rain, Partially cloudy"
2021-01-04,185.61,0.0,0.0,0.0,23.6,12.7,17.5,0.0,58.4,Partially cloudy
2021-01-05,37.59,0.0,0.0,0.1688888888888888,18.2,15.1,16.3,14.11,91.3,"Rain, Overcast"
2021-01-06,124.41,0.0066666666666666,0.0,0.0,20.7,14.1,16.7,8.79,61.9,"Rain, Partially cloudy"
2021-01-07,31.59,0.0,0.0,0.0,14.4,13.1,13.8,0.0,1.0,Clear
2021-01-08,195.91,0.0,0.0,0.7597222222222222,17.7,9.4,13.1,0.0,19.2,Clear
2021-01-09,146.5,0.0,0.0,2.6958333333333333,16.0,11.1,13.0,0.0,7.4,Clear
2021-01-10,192.0,0.0,0.0,0.1683333333333333,11.8,8.7,10.4,0.0,1.0,Clear
2021-01-11,177.5,0.0,0.0,0.0,15.6,7.9,10.5,0.0,0.3,Clear
2021-01-12,138.89,0.0,0.0,0.6752777777777779,13.0,7.1,9.5,0.0,0.1,Clear
2021-01-13,152.31,0.0,0.0,0.1683333333333333,15.0,7.0,9.9,0.0,3.8,Clear
2021-01-14,68.09,0.0,0.0,0.0852777777777777,11.7,5.8,8.6,0.0,10.3,Clear
2021-01-15,137.41,0.0022222222222222,0.0,0.0841666666666666,14.2,6.7,9.8,0.0,0.1,Clear
2021-01-16,49.59,0.0,0.0,0.5052777777777778,10.1,7.2,8.9,0.0,0.0,Clear
2021-01-17,171.8,0.0,0.0,0.0,15.9,8.2,11.5,0.0,0.8,Clear
2021-01-18,182.11,0.0,0.0,0.0,19.4,10.7,13.8,0.0,8.8,Clear
2021-01-19,221.39,0.0,0.0,1.9394444444444443,21.0,9.0,14.1,0.0,0.0,Clear
2021-01-20,234.2,0.0,0.0,0.2538888888888889,19.3,10.5,13.4,0.0,3.6,Clear
2021-01-21,260.2,0.0,0.0,0.59,20.0,8.7,12.6,0.0,0.0,Clear
2021-01-22,110.8,0.0,0.0,0.0,15.1,8.1,11.6,0.0,17.7,Clear
2021-01-23,188.91,0.0,0.0,0.0,18.7,10.5,14.2,0.7,14.6,Rain
2021-01-24,51.5,0.0,0.0,0.0,13.6,9.2,11.5,0.0,0.9,Clear
2021-01-25,220.69,0.0,0.0,0.0,17.0,9.4,12.6,0.0,0.0,Clear
2021-01-26,254.41,0.0,0.0,0.0841666666666666,19.8,5.6,11.5,0.0,0.0,Clear
2021-01-27,305.59,0.0,0.0,0.0844444444444444,20.8,7.7,13.0,0.0,0.0,Clear
2021-01-28,195.11,0.0,0.0,0.0,15.8,4.2,9.4,0.0,0.0,Clear
2021-01-29,239.2,0.0,0.0,0.0841666666666666,19.0,4.5,10.4,0.0,0.0,Clear
2021-01-30,277.69,0.0022222222222222,0.0,0.0,19.7,7.4,12.5,0.0,18.7,Clear
2021-01-31,251.7,0.0,0.0,8.097777777777777,21.1,6.6,12.5,0.0,3.0,Clear
2021-02-01,273.7,0.0,0.0,0.0,22.0,7.2,13.6,0.0,3.4,Clear
2021-02-02,105.2,0.0,0.0,0.0841666666666666,22.8,8.4,14.2,0.0,11.1,Clear
2021-02-03,221.3,0.0,0.0,0.0,22.1,12.4,16.3,0.0,37.1,Partially cloudy
2021-02-04,90.3,0.0,0.0,0.0,15.6,9.9,12.9,17.28,60.8,"Rain, Partially cloudy"
2021-02-05,303.2,0.0,0.0,0.0,19.9,5.9,12.8,6.0,1.9,Rain
2021-02-06,306.39,0.0,0.0,0.0,20.8,8.2,13.9,0.0,4.9,Clear
2021-02-07,220.31,0.0,0.0,0.0,21.8,10.1,14.9,0.0,0.0,Clear
2021-02-08,266.89,0.0,0.0,0.0,22.8,8.1,15.4,0.0,0.0,Clear
2021-02-09,197.61,0.0,0.0,0.0,21.2,10.2,14.8,0.0,9.6,Clear
2021-02-10,230.89,0.0,0.0,0.0,23.4,8.9,14.8,0.0,0.4,Clear
2021-02-11,214.7,0.0,0.0,0.0,10.4,10.4,10.4,0.0,0.0,Clear
2021-02-12,209.41,0.0,0.0,0.0,14.1,13.1,13.6,0.0,0.0,Clear
2021-02-13,258.89,0.0,0.0,0.0,22.1,15.1,18.1,0.0,11.3,Clear
2021-02-14,225.7,0.0,0.0,0.0,23.1,10.7,16.1,0.0,0.2,Clear
2021-02-15,230.8,0.0,0.0,0.0,25.1,12.1,18.5,0.0,35.7,Partially cloudy
2021-02-16,263.5,0.0,0.0,0.0844444444444444,27.1,9.7,18.3,0.6,16.0,Rain
2021-02-17,270.41,0.0,0.0,0.0,27.1,11.1,17.7,0.0,2.8,Clear
2021-02-18,260.59,0.0,0.0,0.0,27.1,10.6,18.1,0.0,4.4,Clear
2021-02-19,221.2,0.0,0.0,0.8427777777777777,25.1,11.4,18.2,0.0,0.0,Clear
2021-02-20,225.09,0.0,0.0,0.0,17.7,15.7,16.7,0.0,0.0,Clear
2021-02-21,277.81,0.0022222222222222,0.0,0.0844444444444444,25.7,13.1,18.5,0.0,0.0,Clear
2021-02-22,273.59,0.0,0.0,0.0,29.1,13.7,20.6,0.0,10.9,Clear
2021-02-23,292.8,0.0,0.0,0.0,29.1,14.7,21.0,0.0,50.2,Partially cloudy
2021-02-24,314.8,0.0022222222222222,0.0,0.0,33.1,13.1,22.7,0.0,8.9,Clear
2021-02-25,320.41,0.0,0.0,0.0,33.1,15.1,23.3,0.0,4.8,Clear
2021-02-26,313.59,0.0,0.0,0.0,32.6,15.0,23.0,0.5,17.6,Rain
2021-02-27,216.0,3.523888888888889,0.0,0.0,28.7,17.7,21.9,12.96,30.6,"Rain, Partially cloudy"
2021-02-28,368.5,0.0,0.0,0.0,26.8,12.8,19.0,0.0,3.7,Clear
2021-03-01,328.81,0.0019444444444444,0.0,0.0,26.3,13.2,19.1,0.0,4.8,Clear
2021-03-02,363.59,0.0,0.0,0.0847222222222222,26.2,14.4,19.8,0.0,0.0,Clear
2021-03-03,352.91,0.0,0.0,0.9269444444444446,28.8,13.8,20.8,0.0,0.0,Clear
2021-03-04,293.3,0.0019444444444444,0.0,0.0844444444444444,29.3,13.1,20.6,0.0,0.1,Clear
2021-03-05,340.2,0.0,0.0,0.0,29.1,15.4,21.3,0.0,0.0,Clear
2021-03-06,328.69,0.0,0.0,0.0841666666666666,29.0,15.1,21.7,0.0,17.0,Clear
2021-03-07,240.2,0.0,0.0,0.0,29.1,19.0,23.2,2.2,68.3,"Rain, Partially cloudy"
2021-03-08,288.5,0.0,0.0,0.0,29.1,18.4,23.3,5.0,21.1,Rain
2021-03-09,278.2,0.0,0.0,0.0,30.1,17.1,23.2,0.0,22.2,Clear
2021-03-10,226.8,0.0,0.0,0.0,30.6,19.2,23.1,0.0,31.3,Partially cloudy
2021-03-11,317.2,0.0,0.0,0.0,30.7,16.4,23.3,0.0,4.9,Clear
2021-03-12,138.09,0.0022222222222222,0.0,0.0,25.8,18.1,21.5,2.18,69.3,"Rain, Partially cloudy"
2021-03-13,285.91,0.0,0.0,0.0,27.7,14.9,21.2,0.0,45.6,Partially cloudy
2021-03-14,339.0,0.0,0.0,0.0,29.0,16.1,22.1,0.0,8.5,Clear
2021-03-15,287.09,0.0,0.0,0.0,29.4,17.1,23.0,0.0,44.4,Partially cloudy
2021-03-16,64.41,0.0,0.0,12.272222222222222,30.6,17.7,23.3,0.0,37.1,Partially cloudy
2021-03-17,314.8,0.0,0.0,0.0,34.1,17.1,24.5,0.0,33.8,Partially cloudy
2021-03-18,320.41,0.0,0.0,0.0,32.3,17.7,24.4,0.0,31.1,Partially cloudy
2021-03-19,307.89,0.0,0.0,0.0,31.2,17.9,24.4,0.0,26.7,Partially cloudy
2021-03-20,352.11,0.0,0.0,0.0,31.6,17.4,24.4,0.0,0.1,Clear
2021-03-21,269.89,0.0,0.0,6.54111111111111,30.1,17.1,23.1,0.0,52.1,Partially cloudy
2021-03-22,128.11,0.0044444444444444,0.0,0.0,30.0,19.2,23.7,14.17,83.4,"Rain, Overcast"
2021-03-23,71.39,0.0,0.0,2.397777777777778,26.7,17.1,21.1,3.06,75.7,"Rain, Overcast"
2021-03-24,351.0,0.0,0.0,0.0,32.1,14.1,23.8,0.0,24.6,Clear
2021-03-25,321.41,0.0,0.0,0.0,30.1,15.1,22.4,0.0,44.3,Partially cloudy
2021-03-26,370.3,0.0,0.0,0.0,32.1,15.1,23.7,0.0,7.6,Clear
2021-03-27,291.0,0.0022222222222222,0.0,0.0,33.1,16.1,25.3,0.0,2.1,Clear
2021-03-28,333.3,0.0,0.0,0.0,34.1,18.7,27.3,0.0,5.5,Clear
2021-03-29,312.2,0.0022222222222222,0.0,0.0,35.1,23.1,28.5,0.0,32.7,Partially cloudy
2021-03-30,325.3,0.0019444444444444,0.0,0.0,37.1,19.1,28.3,0.0,4.3,Clear
2021-03-31,202.7,0.0,0.0,0.1916666666666666,34.1,17.1,25.5,0.0,0.0,Clear
2021-04-01,100.7,0.0,0.0,0.0844444444444444,32.1,18.1,25.7,0.0,0.0,Clear
2021-04-02,132.7,0.0,0.0,0.0,32.1,14.1,23.5,0.0,0.0,Clear
2021-04-03,150.09,0.0,0.0,0.4211111111111111,34.1,13.7,24.5,0.0,0.0,Clear
2021-04-04,108.0,0.0,0.0,0.5505555555555556,36.1,15.5,26.1,0.0,30.3,Partially cloudy
2021-04-05,86.5,0.0,0.0,0.0847222222222222,36.1,19.2,27.1,0.0,57.0,Partially cloudy
2021-04-06,103.5,0.0,0.0,0.0841666666666666,34.0,20.4,26.8,2.91,68.9,"Rain, Partially cloudy"
2021-04-07,177.11,0.0,0.0,0.0,34.6,17.3,25.6,11.81,26.1,"Rain, Partially cloudy"
2021-04-08,103.89,0.0,0.0,0.0841666666666666,33.6,17.1,25.3,0.0,14.6,Clear
2021-04-09,147.8,0.0,0.0,0.1694444444444444,34.8,16.7,26.1,0.0,0.1,Clear
2021-04-10,133.61,0.0,0.0,7.241111111111111,36.6,17.9,27.0,0.0,0.1,Clear
2021-04-11,160.5,0.0,0.0,0.0841666666666666,38.0,18.5,28.2,0.0,3.6,Clear
2021-04-12,123.0,0.0,0.0,0.1683333333333333,37.3,21.8,28.5,0.0,18.7,Clear
2021-04-13,169.8,0.0,0.0,0.59,38.3,20.7,29.3,0.0,39.7,Partially cloudy
2021-04-14,186.0,0.0,0.0,10.502222222222224,39.3,22.1,30.7,0.0,50.6,Partially cloudy
2021-04-15,156.8,0.0,0.0,8.013055555555555,37.8,22.7,29.8,0.0,65.8,Partially cloudy
2021-04-16,158.2,0.0,0.0,5.767222222222222,37.3,20.4,27.7,0.0,69.3,Partially cloudy
2021-04-17,116.91,0.0,0.0,6.922222222222223,31.1,21.1,25.4,4.0,57.3,"Rain, Partially cloudy"
2021-04-18,183.39,0.0,0.0,0.2527777777777777,35.3,17.8,29.5,0.0,34.4,Partially cloudy
2021-04-19,215.11,0.0,0.0,3.1197222222222223,36.8,19.7,26.8,0.0,27.1,Partially cloudy
2021-04-20,86.59,0.0,0.0,0.1683333333333333,28.1,20.3,23.6,0.7,81.9,"Rain, Overcast"
2021-04-21,343.09,0.0,0.0,1.1794444444444443,30.0,17.7,23.5,9.57,56.4,"Rain, Partially cloudy"
2021-04-22,317.61,0.0044444444444444,0.0,3.118888888888889,30.0,17.9,24.3,0.0,42.3,Partially cloudy
2021-04-23,164.5,0.0,0.0,6.174166666666666,26.6,17.7,21.0,13.22,42.0,"Rain, Partially cloudy"
2021-04-24,165.59,0.0,0.0,0.6752777777777779,33.0,15.9,24.6,0.0,0.1,Clear
2021-04-25,389.7,0.0,0.0,8.816111111111113,37.0,18.5,27.1,0.0,0.0,Clear
2021-04-26,374.3,0.0,0.0,0.0847222222222222,38.3,18.9,29.0,0.0,0.0,Clear
2021-04-27,343.41,0.0,0.0,2.6983333333333337,39.8,22.1,31.0,0.0,0.0,Clear
2021-04-28,256.0,0.0,0.0,0.0,41.1,23.1,32.1,0.0,25.6,Partially cloudy
2021-04-29,219.0,0.0019444444444444,0.0,0.4222222222222222,39.8,24.7,30.8,6.0,40.0,"Rain, Partially cloudy"
2021-04-30,294.8,0.0,0.0,1.6011111111111112,39.8,23.1,31.3,0.0,17.3,Clear
2021-05-01,284.5,0.0,0.0,11.890277777777778,38.9,24.7,31.9,0.0,59.0,Partially cloudy
2021-05-02,222.8,0.0,0.0,5.898611111111111,37.6,24.6,31.0,0.0,54.2,Partially cloudy
2021-05-03,279.5,0.0,0.0,7.228611111111111,36.8,24.4,31.0,0.6,29.7,"Rain, Partially cloudy"
2021-05-04,226.7,0.0,0.0,3.569166666666667,38.6,25.7,29.7,6.16,55.1,"Rain, Partially cloudy"
2021-05-05,290.91,0.0,0.0,0.3366666666666666,36.1,24.6,30.2,3.0,27.2,"Rain, Partially cloudy"
2021-05-06,237.3,0.0,0.0,2.553611111111111,35.4,21.1,27.9,10.91,52.4,"Rain, Partially cloudy"
2021-05-07,304.3,0.0044444444444444,0.0,0.5908333333333333,33.9,20.0,26.3,12.39,35.4,"Rain, Partially cloudy"
2021-05-08,313.7,0.0,0.0,0.0,36.3,21.7,29.4,0.0,23.0,Clear
2021-05-09,292.2,0.0022222222222222,0.0,0.0,36.4,24.1,29.6,11.3,32.8,"Rain, Partially cloudy"
2021-05-10,207.39,0.0022222222222222,0.0,0.0841666666666666,32.0,22.7,26.7,1.59,40.9,"Rain, Partially cloudy"
2021-05-11,269.5,0.0,0.0,0.0,34.9,24.1,28.2,0.6,41.8,"Rain, Partially cloudy"
2021-05-12,262.7,0.0,0.0,0.0,28.6,21.7,25.2,15.91,50.2,"Rain, Partially cloudy"
2021-05-13,181.09,0.0,0.0,0.0,28.4,22.6,24.9,4.0,73.2,"Rain, Partially cloudy"
2021-05-14,350.0,0.0019444444444444,0.0,0.0,34.4,19.1,27.4,0.0,12.1,Clear
2021-05-15,222.81,0.0,0.0,0.0,33.9,22.4,28.3,0.0,43.7,Partially cloudy
2021-05-16,343.5,0.0,0.0,0.0,37.7,22.8,30.3,0.0,1.8,Clear
2021-05-17,348.39,0.0,0.0,0.2533333333333333,40.8,24.2,32.7,0.0,12.5,Clear
2021-05-18,141.91,0.0,0.0,0.0,31.6,26.4,29.0,0.0,86.9,Overcast
2021-05-19,89.59,0.0,0.0,0.6744444444444445,27.0,23.0,25.3,13.2,99.8,"Rain, Overcast"
2021-05-20,322.11,0.0,0.0,0.4211111111111111,33.3,22.2,28.0,10.9,44.6,"Rain, Partially cloudy"
2021-05-21,360.59,0.0,0.0,4.772222222222222,30.8,19.9,26.5,11.05,28.9,"Rain, Partially cloudy"
2021-05-22,369.5,0.0063888888888888,0.0,0.0,36.4,23.7,29.9,0.0,31.5,Partially cloudy
2021-05-23,190.7,0.0,0.0,0.0,31.8,23.4,28.0,0.0,58.2,Partially cloudy
2021-05-24,387.8,0.0,0.0,0.0,36.4,20.5,29.7,0.0,0.2,Clear
2021-05-25,382.09,0.0022222222222222,0.0,1.468611111111111,39.1,23.4,31.7,0.0,0.0,Clear
2021-05-26,360.61,0.0,0.0,0.0,40.0,23.1,32.1,0.0,0.0,Clear
2021-05-27,343.09,0.0,0.0,0.0,41.6,22.9,32.8,0.0,0.0,Clear
2021-05-28,338.41,0.0038888888888888,0.0,0.5055555555555555,39.5,27.4,32.9,0.0,0.2,Clear
2021-05-29,317.39,0.0,0.0,0.0,36.6,20.7,31.0,12.86,13.0,Rain
2021-05-30,0.0,0.0,13.97888888888889,0.3366666666666666,34.1,23.1,28.9,9.85,2.6,Rain
2021-05-31,0.0,0.0,13.768055555555556,0.0,39.0,22.0,31.3,27.85,33.7,"Rain, Partially cloudy"
