Date,Total Yield [kWh],GridDurationHours,MaintDurationHours,DelREMO,Temp,Prcp,Cloud Cover,Conditions,Total Yield (Smooth),Cloud Cover (Smooth),Temp (Smooth)
2019-02-01,190.3,0.0,0.0,0.0,14.3,1.0116009116784799,67.1,"Rain, Partially cloudy",12.686666666666667,4.473333333333333,0.9533333333333334
2019-02-02,246.5,0.0041666666666666,0.0,0.0,12.4,0.0,12.0,Clear,29.12,5.2733333333333325,1.78
2019-02-03,227.3,0.0,0.0,0.0,12.3,0.0,0.0,Clear,44.27333333333333,5.2733333333333325,2.6
2019-02-04,205.9,0.0019444444444444,0.0,0.0,12.1,0.0,40.7,Partially cloudy,58.0,7.986666666666666,3.4066666666666667
2019-02-05,191.5,0.0038888888888888,0.0,4.345833333333333,16.2,0.0,74.2,Partially cloudy,70.76666666666667,12.933333333333334,4.486666666666666
2019-02-06,220.7,0.0058333333333333,0.0,0.0,16.5,0.0,63.0,Partially cloudy,85.48,17.133333333333333,5.586666666666666
2019-02-07,8.3,0.0038888888888888,0.0,5.610277777777778,15.0,2.3978952727983707,69.3,"Rain, Partially cloudy",86.03333333333333,21.753333333333334,6.586666666666666
2019-02-08,305.0,0.0,0.0,5.682777777777778,12.3,2.3978952727983707,25.3,"Rain, Partially cloudy",106.36666666666667,23.439999999999998,7.406666666666667
2019-02-09,278.4,0.0,0.0,1.5013888888888889,14.4,0.0,6.6,Clear,124.92666666666668,23.88,8.366666666666667
2019-02-10,268.7,0.0,0.0,0.0,14.5,0.0,67.9,Partially cloudy,142.84,28.406666666666666,9.333333333333334
2019-02-11,261.9,0.0,0.0,0.8036111111111112,15.5,0.0,66.9,Partially cloudy,160.3,32.86666666666667,10.366666666666667
2019-02-12,141.9,0.0,0.0,7.368888888888888,16.4,0.0,76.6,Overcast,169.76,37.97333333333333,11.46
2019-02-13,220.1,0.0,0.0,0.0,17.4,0.0,64.1,Partially cloudy,184.43333333333334,42.24666666666666,12.620000000000001
2019-02-14,117.1,0.0,0.0,0.0,17.5,1.7173950539391927,78.1,"Rain, Overcast",192.24,47.453333333333326,13.786666666666667
2019-02-15,143.5,0.0,0.0,0.0,16.7,2.3978952727983707,84.7,"Rain, Overcast",201.80666666666667,53.099999999999994,14.9
2019-02-16,235.5,0.0,0.0,0.0,16.7,1.3862943611198906,54.0,"Rain, Partially cloudy",204.82,52.22666666666667,15.059999999999999
2019-02-17,195.4,0.0,0.0,0.0,15.3,0.0,58.1,Partially cloudy,201.41333333333333,55.300000000000004,15.253333333333334
2019-02-18,144.3,0.0,0.0,0.0838888888888888,14.6,1.7578579175523736,60.5,"Rain, Partially cloudy",195.88,59.333333333333336,15.406666666666666
2019-02-19,251.7,0.0,0.0,0.0,17.0,1.5107219394949425,71.9,"Rain, Partially cloudy",198.93333333333334,61.413333333333334,15.73333333333333
2019-02-20,95.0,0.0,0.0,0.0,17.1,0.9895411936137477,86.8,"Rain, Overcast",192.50000000000003,62.25333333333334,15.793333333333333
2019-02-21,261.7,0.0,0.0,0.0,19.0,1.8082887711792655,72.9,"Rain, Partially cloudy",195.23333333333335,62.91333333333334,15.960000000000003
2019-02-22,216.6,0.0,0.0,0.0,16.7,2.3978952727983707,46.3,"Rain, Partially cloudy",209.12,61.38,16.073333333333334
2019-02-23,361.4,0.0,0.0,0.0,15.4,0.0,37.4,Partially cloudy,212.87999999999997,62.18666666666667,16.28
2019-02-24,361.7,0.0019444444444444,0.0,0.0,14.5,0.0,44.3,Partially cloudy,218.4333333333333,64.7,16.286666666666665
2019-02-25,344.7,0.0,0.0,0.0,14.8,0.0,21.3,Clear,223.5,61.59333333333333,16.306666666666665
2019-02-26,148.8,0.0,0.0,6.1563888888888885,15.1,1.4586150226995167,51.7,"Rain, Partially cloudy",215.96,60.57999999999999,16.28
2019-02-27,318.2,0.0,0.0,0.0,13.0,2.3978952727983707,62.3,"Rain, Partially cloudy",227.71333333333334,59.626666666666665,16.05333333333333
2019-02-28,338.6,0.0,0.0,0.0,13.2,0.0,15.9,Clear,235.61333333333332,56.413333333333334,15.773333333333333
2019-03-01,336.4,0.0,0.0,0.0844444444444444,14.8,0.0,28.5,Partially cloudy,250.23333333333332,53.10666666666666,15.593333333333334
2019-03-02,82.6,0.0,0.0,0.0,14.6,2.1972245773362196,91.4,"Rain, Overcast",246.17333333333332,53.55333333333333,15.453333333333333
2019-03-03,293.8,0.0,0.0,0.0,16.8,2.3978952727983707,59.3,"Rain, Partially cloudy",250.06,53.90666666666666,15.459999999999997
2019-03-04,276.0,0.0,0.0,0.0,16.5,0.6931471805599453,61.5,"Rain, Partially cloudy",255.43333333333334,54.13333333333333,15.539999999999997
2019-03-05,345.8,0.0,0.0,0.0841666666666666,16.5,0.0,9.9,Clear,268.8666666666667,50.76,15.666666666666664
2019-03-06,389.1,0.0,0.0,0.0,17.0,0.0,9.7,Clear,278.0266666666667,46.61333333333333,15.666666666666664
2019-03-07,380.2,0.0,0.0,0.0,17.5,0.0,13.6,Clear,297.04,41.733333333333334,15.693333333333332
2019-03-08,137.6,0.0,0.0,0.0,16.1,0.5822156198526637,62.5,"Rain, Partially cloudy",288.76666666666665,41.04,15.5
2019-03-09,386.9,0.0,0.0,0.0,17.3,0.0,0.2,Clear,300.12000000000006,37.96666666666667,15.54
2019-03-10,380.0,0.0,0.0,0.0,18.1,0.0,0.0,Clear,301.36,35.473333333333336,15.72
2019-03-11,97.9,0.0044444444444444,0.0,0.0,15.8,2.3978952727983707,61.2,"Rain, Partially cloudy",283.7733333333333,36.6,15.806666666666668
2019-03-12,378.8,0.0,0.0,0.0,17.4,1.9459101490553132,10.4,Rain,286.0466666666667,35.873333333333335,15.980000000000002
2019-03-13,118.1,0.0,0.0,0.0,15.5,0.0,60.8,Partially cloudy,284.0,36.480000000000004,16.006666666666668
2019-03-14,157.8,0.0,0.0,2.1102777777777777,15.6,1.572773928062509,57.9,"Rain, Partially cloudy",273.3066666666666,36.18666666666666,16.18
2019-03-15,372.0,0.0,0.0,0.0,19.5,1.3862943611198906,11.3,Rain,275.5333333333333,35.88,16.6
2019-03-16,348.2,0.0,0.0,0.0,20.2,0.0,57.1,Partially cloudy,276.32,37.78666666666666,16.96
2019-03-17,382.3,0.0,0.0,0.0,20.1,0.0,47.5,Partially cloudy,296.3,34.86,17.326666666666668
2019-03-18,332.9,0.0,0.0,1.3977777777777776,20.4,0.0,38.8,Partially cloudy,298.90666666666664,33.49333333333334,17.566666666666666
2019-03-19,366.9,0.0,0.0,0.0,21.5,0.0,21.5,Clear,304.96666666666664,30.826666666666668,17.900000000000002
2019-03-20,324.5,0.0,0.0,1.3769444444444443,22.7,0.0,43.3,Partially cloudy,303.5466666666666,33.053333333333335,18.313333333333333
2019-03-21,355.8,0.0,0.0,0.0,22.2,1.6094379124341003,39.8,"Rain, Partially cloudy",301.3266666666667,35.06,18.66
2019-03-22,407.5,0.0,0.0,0.0,21.5,0.0,36.2,Partially cloudy,303.14666666666665,36.56666666666667,18.926666666666666
2019-03-23,380.0,0.0,0.0,0.0,21.8,0.0,27.6,Partially cloudy,319.3066666666667,34.24,19.30666666666667
2019-03-24,303.3,0.0,0.0,0.0,20.7,0.0,49.2,Partially cloudy,313.73333333333335,37.50666666666667,19.53333333333333
2019-03-25,80.5,0.0,0.0,0.0,18.3,0.1823215567939546,65.9,"Rain, Partially cloudy",293.76666666666665,41.900000000000006,19.546666666666667
2019-03-26,376.7,0.0,0.0,0.0,21.2,0.6931471805599453,12.9,Rain,312.35333333333335,38.67999999999999,19.906666666666666
2019-03-27,325.9,0.0,0.0,0.0,20.9,0.0,54.9,Partially cloudy,308.8266666666667,41.64666666666666,20.14
2019-03-28,358.5,0.0,0.0,0.0,24.1,0.0,26.5,Partially cloudy,324.85333333333335,39.36,20.713333333333335
2019-03-29,330.1,0.0,0.0,0.0,25.5,0.0,46.9,Partially cloudy,336.34,38.626666666666665,21.37333333333333
2019-03-30,341.9,0.0,0.0,0.0,24.7,0.0,30.3,Partially cloudy,334.3333333333333,39.89333333333334,21.72
2019-03-31,415.3,0.0,0.0,0.0,24.5,0.0,11.1,Clear,338.8066666666666,36.826666666666675,22.006666666666668
2019-04-01,358.2,0.0,0.0,1.1844444444444444,24.0,0.0,3.7,Clear,337.2,33.90666666666667,22.26666666666667
2019-04-02,344.3,0.0,0.0,0.0,24.2,0.0,12.2,Clear,337.9599999999999,32.13333333333333,22.52
2019-04-03,282.6,0.0,0.0,2.3972222222222226,25.3,0.0,26.4,Partially cloudy,332.3399999999999,32.46,22.773333333333337
2019-04-04,331.6,0.0,0.0,0.0,27.0,0.0,7.6,Clear,332.81333333333333,30.080000000000002,23.060000000000002
2019-04-05,331.4,0.0,0.0,0.7913888888888889,27.4,0.0,23.9,Clear,331.18666666666667,29.02,23.40666666666667
2019-04-06,330.7,0.0,0.0,0.0,28.3,0.0,10.6,Clear,326.06666666666666,27.313333333333336,23.860000000000003
2019-04-07,324.9,0.0,0.0,0.0,27.5,0.0,38.2,Partially cloudy,322.3933333333333,28.02,24.240000000000002
2019-04-08,203.8,0.0,0.0,2.7783333333333333,25.2,2.302585092994046,30.8,"Rain, Partially cloudy",315.76000000000005,26.793333333333333,24.54
2019-04-09,369.0,0.0,0.0,0.7994444444444445,26.2,2.3978952727983707,17.3,Rain,334.99333333333334,23.55333333333333,25.066666666666663
2019-04-10,332.5,0.0,0.0,0.0,28.9,0.0,22.9,Clear,332.0466666666667,24.22,25.58
2019-04-11,362.4,0.0,0.0,0.0,28.6,0.0,27.2,Partially cloudy,334.4800000000001,22.373333333333335,26.093333333333334
2019-04-12,314.5,0.0,0.0,0.0,27.6,0.0,34.6,Partially cloudy,331.5466666666667,22.913333333333334,26.326666666666664
2019-04-13,142.5,0.0,0.0,13.150833333333331,27.8,0.1823215567939546,52.3,"Rain, Partially cloudy",319.04,23.273333333333337,26.479999999999997
2019-04-14,81.1,0.0,0.0,13.196944444444444,28.4,0.0,50.9,Partially cloudy,301.65333333333325,24.64666666666667,26.726666666666667
2019-04-15,117.7,0.0,0.0,6.0425,29.6,0.0,31.4,Partially cloudy,281.81333333333333,26.000000000000004,27.066666666666663
2019-04-16,194.7,0.0,0.0,0.0,25.1,1.7119945007591924,85.1,"Rain, Overcast",270.91333333333336,31.426666666666666,27.14
2019-04-17,174.3,0.0,0.0,1.275,21.1,2.3978952727983707,88.0,"Rain, Overcast",259.58,36.48,26.93333333333333
2019-04-18,351.1,0.0,0.0,1.042777777777778,23.1,2.3978952727983707,51.5,"Rain, Partially cloudy",264.14666666666665,38.15333333333333,26.78666666666666
2019-04-19,383.3,0.0,0.0,0.0,25.0,0.0,22.3,Clear,267.5933333333333,39.133333333333326,26.653333333333332
2019-04-20,101.7,0.0,0.0,6.651111111111111,26.7,0.0,23.9,Clear,252.28,39.13333333333333,26.606666666666666
2019-04-21,84.1,0.0,0.0,8.473333333333334,28.0,0.0,9.8,Clear,235.83999999999997,39.08,26.58666666666667
2019-04-22,36.8,0.0,0.0,9.465277777777777,30.3,0.0,13.9,Clear,216.63333333333333,37.46000000000001,26.773333333333337
2019-04-23,26.4,0.0,0.0,11.410833333333333,30.3,0.0,4.8,Clear,204.80666666666664,35.726666666666674,27.113333333333333
2019-04-24,34.7,0.0,0.0,0.0,31.0,0.0,26.6,Partially cloudy,182.51999999999998,36.34666666666667,27.433333333333334
2019-04-25,174.1,0.0,0.0,3.9522222222222223,30.7,0.5877866649021191,54.9,"Rain, Partially cloudy",171.95999999999998,38.47999999999999,27.553333333333335
2019-04-26,143.3,0.0019444444444444,0.0,7.252222222222223,31.5,0.0,20.3,Clear,157.35333333333332,38.01999999999999,27.746666666666666
2019-04-27,43.3,0.0,0.0,9.39277777777778,31.3,0.0,6.9,Clear,139.2733333333333,36.17333333333333,27.993333333333332
2019-04-28,84.7,0.0,0.0,16.52777777777778,31.8,0.0,3.9,Clear,135.42000000000002,32.946666666666665,28.26
2019-04-29,149.0,0.0,0.0,0.0838888888888888,30.4,0.0,3.6,Clear,139.9466666666667,29.79333333333333,28.393333333333334
2019-04-30,335.6,0.0019444444444444,0.0,0.0,32.6,0.0,33.9,Partially cloudy,154.4733333333333,29.960000000000004,28.593333333333334
2019-05-01,331.8,0.0,0.0,0.0,33.0,0.7701082216960737,18.8,Rain,163.61333333333334,25.540000000000003,29.119999999999997
2019-05-02,253.9,0.0,0.0,0.925277777777778,28.5,2.3978952727983707,50.1,"Rain, Partially cloudy",168.92000000000002,23.013333333333335,29.61333333333333
2019-05-03,357.3,0.0,0.0,0.0,29.4,0.5187937934151676,27.2,"Rain, Partially cloudy",169.33333333333334,21.39333333333333,30.033333333333335
2019-05-04,389.1,0.0,0.0,0.0,29.8,0.0,9.2,Clear,169.72,20.52,30.353333333333335
2019-05-05,326.5,0.0038888888888888,0.0,0.0,30.8,0.0,10.4,Clear,184.70666666666668,19.619999999999997,30.62666666666667
2019-05-06,387.3,0.0019444444444444,0.0,0.0,31.2,0.0,0.0,Clear,204.92,18.966666666666665,30.84
2019-05-07,356.1,0.0,0.0,0.0,31.8,0.0,6.6,Clear,226.20666666666668,18.48,30.94
2019-05-08,334.6,0.0,0.0,0.0,32.6,0.0,6.1,Clear,246.75333333333333,18.566666666666666,31.09333333333333
2019-05-09,319.1,0.0,0.0,0.0,33.0,0.0,20.4,Clear,265.7133333333333,18.153333333333332,31.226666666666667
2019-05-10,268.9,0.0019444444444444,0.0,3.3230555555555554,32.7,2.0554049638515948,60.6,"Rain, Partially cloudy",272.03333333333336,18.53333333333333,31.359999999999996
2019-05-11,277.6,0.0022222222222222,0.0,0.0,30.6,0.6931471805599453,54.1,"Rain, Partially cloudy",280.9866666666667,20.786666666666665,31.299999999999997
2019-05-12,347.5,0.0,0.0,0.0,31.0,0.0,33.7,Partially cloudy,301.2666666666667,22.57333333333333,31.279999999999998
2019-05-13,287.8,0.0,0.0,2.277222222222222,30.9,1.0986122886681098,56.1,"Rain, Partially cloudy",314.80666666666673,26.05333333333333,31.22
2019-05-14,346.1,0.0,0.0,0.0,28.0,1.0508216248317612,45.7,"Rain, Partially cloudy",327.94666666666666,28.86,31.059999999999995
2019-05-15,240.7,0.0,0.0,0.8852777777777778,27.5,0.0,66.9,Partially cloudy,321.62,31.06,30.719999999999995
2019-05-16,247.8,0.0019444444444444,0.0,1.3044444444444443,29.6,0.6931471805599453,56.1,"Rain, Partially cloudy",316.02,33.54666666666667,30.493333333333332
2019-05-17,282.2,0.0,0.0,0.0,27.2,1.791759469228055,59.5,"Rain, Partially cloudy",317.90666666666664,34.17333333333333,30.406666666666666
2019-05-18,351.6,0.0,0.0,0.0,28.5,1.9459101490553132,41.8,"Rain, Partially cloudy",317.52666666666664,35.14666666666667,30.346666666666668
2019-05-19,359.3,0.0,0.0,0.0,31.0,0.0,35.7,Partially cloudy,315.53999999999996,36.913333333333334,30.426666666666666
2019-05-20,316.2,0.0,0.0,0.0,30.7,0.0,31.1,Partially cloudy,314.8533333333333,38.29333333333333,30.419999999999998
2019-05-21,369.1,0.0,0.0,0.0,32.8,0.0,19.9,Clear,313.64,39.62,30.526666666666667
2019-05-22,300.5,0.0,0.0,0.0,35.6,0.0,61.4,Partially cloudy,309.9333333333334,43.27333333333333,30.78
2019-05-23,266.4,0.0058333333333333,0.0,0.0,30.7,0.6931471805599453,76.1,"Rain, Overcast",305.3866666666667,47.94,30.653333333333336
2019-05-24,312.0,0.0,0.0,0.0,27.7,2.3978952727983707,60.2,"Rain, Partially cloudy",304.91333333333336,50.59333333333334,30.3
2019-05-25,393.3,0.0,0.0,0.0,29.5,0.0,15.6,Clear,313.2066666666667,47.593333333333334,30.086666666666666
2019-05-26,387.4,0.0,0.0,0.0,31.2,0.0,5.5,Clear,320.5266666666667,44.35333333333334,30.126666666666665
2019-05-27,373.8,0.0,0.0,0.0,31.4,0.0,3.8,Clear,322.28000000000003,42.36,30.153333333333332
2019-05-28,391.6,0.0,0.0,0.0,31.9,0.0,0.0,Clear,329.20000000000005,38.62,30.22
2019-05-29,349.2,0.0,0.0,0.0,35.2,0.0,6.3,Clear,329.40666666666664,35.99333333333334,30.7
2019-05-30,314.8,0.0038888888888888,0.0,0.0,35.8,0.0,4.1,Clear,334.34666666666664,31.806666666666672,31.253333333333334
2019-05-31,340.5,0.0,0.0,0.0,36.4,0.0,8.6,Clear,340.5266666666666,28.640000000000004,31.706666666666667
2019-06-01,315.3,0.0,0.0,0.0,35.3,0.0,12.1,Clear,342.7333333333333,25.48,32.24666666666667
2019-06-02,322.9,0.0,0.0,0.0,35.5,0.0,28.0,Partially cloudy,340.81999999999994,24.56,32.71333333333333
2019-06-03,316.1,0.0,0.0,0.0,34.0,0.0,12.0,Clear,337.94,22.98,32.913333333333334
2019-06-04,307.4,0.0019444444444444,0.0,0.0,31.3,1.3297240096314962,41.0,"Rain, Partially cloudy",337.3533333333333,23.640000000000004,32.95333333333333
2019-06-05,301.9,0.0,0.0,0.0,34.9,0.0,42.0,Partially cloudy,332.87333333333333,25.113333333333337,33.093333333333334
2019-06-06,247.4,0.0,0.0,0.0,33.2,1.5238800240724537,59.8,"Rain, Partially cloudy",329.33333333333337,25.006666666666668,32.93333333333333
2019-06-07,363.2,0.0019444444444444,0.0,0.0,32.0,0.6931471805599453,13.8,Rain,335.7866666666667,20.853333333333335,33.02
2019-06-08,347.9,0.0,0.0,0.0,34.9,0.0,5.6,Clear,338.17999999999995,17.213333333333335,33.5
2019-06-09,347.8,0.0019444444444444,0.0,0.0,36.4,0.0,9.1,Clear,335.14666666666665,16.779999999999998,33.96
2019-06-10,345.1,0.0,0.0,0.0,36.5,0.0,1.3,Clear,332.3266666666667,16.499999999999996,34.31333333333333
2019-06-11,328.3,0.0,0.0,0.0,36.6,0.1823215567939546,28.9,"Rain, Partially cloudy",329.29333333333335,18.173333333333332,34.66
2019-06-12,247.0,0.0038888888888888,0.0,4.674444444444444,34.4,1.3376291891386096,43.6,"Rain, Partially cloudy",319.65333333333325,21.08,34.82666666666667
2019-06-13,329.4,0.0,0.0,1.0472222222222225,34.0,1.5303947050936475,27.6,"Rain, Partially cloudy",318.33333333333326,22.499999999999996,34.74666666666666
2019-06-14,359.4,0.0,0.0,0.0,34.7,0.0,3.2,Clear,321.30666666666656,22.439999999999998,34.67333333333333
2019-06-15,311.3,0.0019444444444444,0.0,0.9241666666666668,35.0,0.0,25.4,Partially cloudy,319.35999999999996,23.56,34.58
2019-06-16,240.3,0.0,0.0,0.0,31.6,1.2296405510745139,59.1,"Rain, Partially cloudy",314.35999999999996,26.69333333333333,34.333333333333336
2019-06-17,339.3,0.0061111111111111,0.0,2.816666666666667,31.6,2.3978952727983707,32.5,"Rain, Partially cloudy",315.4533333333333,26.993333333333332,34.07333333333333
2019-06-18,159.0,0.0,0.0,0.0,27.4,1.413423028508143,74.1,"Rain, Partially cloudy",304.98,31.133333333333336,33.63333333333333
2019-06-19,337.2,0.0,0.0,0.0,31.0,0.0,39.4,Partially cloudy,306.9666666666667,31.026666666666667,33.61333333333334
2019-06-20,276.8,0.0022222222222222,0.0,0.0,30.2,2.3978952727983707,35.8,"Rain, Partially cloudy",305.2933333333333,30.61333333333333,33.3
2019-06-21,268.0,0.0019444444444444,0.0,0.0,30.6,2.3978952727983707,55.4,"Rain, Partially cloudy",306.66666666666663,30.319999999999993,33.126666666666665
2019-06-22,348.1,0.0061111111111111,0.0,0.0,33.5,0.0,11.0,Clear,305.65999999999997,30.133333333333333,33.22666666666667
2019-06-23,336.9,0.0,0.0,0.0,33.1,0.0,14.9,Clear,304.9266666666666,30.75333333333333,33.10666666666666
2019-06-24,259.0,0.0,0.0,1.27,30.5,2.3978952727983707,67.5,"Rain, Partially cloudy",299.0066666666666,34.64666666666667,32.71333333333334
2019-06-25,276.5,0.0,0.0,0.0,31.5,0.3364722366212129,81.1,"Rain, Overcast",294.4333333333333,39.96666666666666,32.38
2019-06-26,357.9,0.0,0.0,0.0,32.9,0.0,14.9,Clear,296.4066666666667,39.03333333333333,32.13333333333333
2019-06-27,279.0,0.0,0.0,0.0,33.1,0.0,33.6,Partially cloudy,298.54,38.36666666666667,32.04666666666667
2019-06-28,350.0,0.0,0.0,0.0,34.3,0.0,3.6,Clear,299.91333333333336,36.766666666666666,32.06666666666666
2019-06-29,328.5,0.0,0.0,0.0,35.1,0.0,0.1,Clear,297.8533333333333,36.56,32.093333333333334
2019-06-30,297.2,0.0019444444444444,0.0,0.0,33.6,0.5364933705145685,15.1,Rain,296.91333333333336,35.873333333333335,31.999999999999996
2019-07-01,322.8,0.0,0.0,0.0,34.3,2.3978952727983707,11.4,Rain,302.4133333333333,32.693333333333335,32.18
2019-07-02,325.0,0.0038888888888888,0.0,0.0,34.3,0.0,12.4,Clear,301.46,31.353333333333335,32.36
2019-07-03,297.9,0.0,0.0,0.0,34.5,1.3862943611198906,4.0,Rain,310.72,26.68,32.83333333333333
2019-07-04,200.0,0.0,0.0,0.0,30.2,2.3978952727983707,53.3,"Rain, Partially cloudy",301.5733333333333,27.60666666666667,32.78
2019-07-05,325.0,0.0,0.0,0.0,32.4,0.47000362924573563,17.6,Rain,304.7866666666667,26.39333333333333,32.92666666666666
2019-07-06,201.9,0.0022222222222222,0.0,0.0,29.4,2.3978952727983707,39.8,"Rain, Partially cloudy",300.37999999999994,25.353333333333335,32.846666666666664
2019-07-07,354.5,0.0,0.0,0.0,32.0,2.3978952727983707,40.3,"Rain, Partially cloudy",300.8066666666666,27.306666666666665,32.74666666666667
2019-07-08,321.6,0.0,0.0,0.0,31.2,2.3978952727983707,50.3,"Rain, Partially cloudy",299.7866666666667,29.666666666666668,32.620000000000005
2019-07-09,261.9,0.0,0.0,0.0,28.9,2.3978952727983707,68.4,"Rain, Partially cloudy",299.97999999999996,29.726666666666667,32.513333333333335
2019-07-10,136.4,0.0061111111111111,0.0,6.672500000000001,29.4,2.3978952727983707,82.7,"Rain, Overcast",290.64,29.83333333333333,32.37333333333333
2019-07-11,226.8,0.0,0.0,0.0,28.3,2.3978952727983707,68.7,"Rain, Partially cloudy",281.9,33.42,32.06666666666667
2019-07-12,158.9,0.0,0.0,0.0,28.9,2.3978952727983707,63.6,"Rain, Partially cloudy",273.89333333333326,35.42,31.78666666666667
2019-07-13,247.0,0.0,0.0,0.0,27.9,2.3978952727983707,51.9,"Rain, Partially cloudy",267.0266666666667,38.64,31.359999999999996
2019-07-14,52.0,0.0,0.0,2.323611111111111,24.6,2.3978952727983707,66.1,"Rain, Partially cloudy",248.59333333333333,43.04,30.659999999999997
2019-07-15,165.9,0.0,0.0,0.9325,26.4,2.3978952727983707,85.4,"Rain, Overcast",239.84000000000003,47.726666666666674,30.18
2019-07-16,161.6,0.0,0.0,0.0,25.0,2.3978952727983707,74.8,"Rain, Partially cloudy",229.09333333333336,51.95333333333333,29.560000000000002
2019-07-17,269.6,0.0019444444444444,0.0,0.0,27.2,2.341805806147327,77.2,"Rain, Overcast",225.4,56.27333333333333,29.086666666666666
2019-07-18,313.7,0.0,0.0,0.0,28.2,0.7419373447293773,54.9,"Rain, Partially cloudy",226.45333333333335,59.666666666666664,28.666666666666664
2019-07-19,251.9,0.0,0.0,0.0,29.0,2.3978952727983707,61.4,"Rain, Partially cloudy",229.91333333333333,60.20666666666666,28.586666666666662
2019-07-20,292.0,0.0,0.0,0.0841666666666666,29.8,1.9459101490553132,62.3,"Rain, Partially cloudy",227.71333333333334,63.18666666666667,28.41333333333333
2019-07-21,346.3,0.0,0.0,0.0841666666666666,30.6,0.0,37.9,Partially cloudy,237.34,63.06000000000001,28.493333333333332
2019-07-22,320.4,0.0,0.0,0.9769444444444444,31.5,1.0986122886681098,49.2,"Rain, Partially cloudy",235.0666666666667,63.65333333333334,28.46
2019-07-23,306.2,0.0,0.0,0.0,32.0,2.3978952727983707,33.8,"Rain, Partially cloudy",234.04,62.553333333333335,28.513333333333335
2019-07-24,345.0,0.0,0.0,0.0,32.3,2.3978952727983707,33.3,"Rain, Partially cloudy",239.57999999999998,60.21333333333333,28.74
2019-07-25,64.9,0.0,0.0,5.6850000000000005,27.3,2.3978952727983707,84.1,"Rain, Overcast",234.8133333333333,60.306666666666665,28.599999999999998
2019-07-26,189.1,0.0,0.0,0.0,27.8,2.3978952727983707,78.6,"Rain, Overcast",232.29999999999998,60.96666666666667,28.566666666666663
2019-07-27,166.2,0.0,0.0,0.0,27.9,2.3978952727983707,89.5,"Rain, Overcast",232.78666666666663,62.693333333333335,28.499999999999996
2019-07-28,271.1,0.0,0.0,0.0,29.9,2.3978952727983707,77.9,"Rain, Overcast",234.39333333333332,64.42666666666668,28.63333333333333
2019-07-29,368.4,0.0,0.0,0.0,30.9,1.0986122886681098,55.2,"Rain, Partially cloudy",255.48666666666665,63.7,29.05333333333333
2019-07-30,304.1,0.0,0.0,0.0,29.1,0.9555114450274363,85.2,"Rain, Overcast",264.7,63.68666666666667,29.23333333333333
2019-07-31,129.6,0.0,0.0,0.0,27.7,2.196112848483529,89.4,"Rain, Overcast",262.56666666666666,64.66,29.413333333333338
2019-08-01,255.3,0.0,0.0,0.0,29.7,2.3978952727983707,81.1,"Rain, Overcast",261.61333333333334,64.91999999999999,29.580000000000005
2019-08-02,101.7,0.0,0.0,0.8766666666666667,26.9,2.3978952727983707,71.3,"Rain, Partially cloudy",247.48,66.01333333333334,29.493333333333336
2019-08-03,294.8,0.0,0.0,0.0,28.7,0.0,50.1,Partially cloudy,250.34,65.25999999999999,29.473333333333336
2019-08-04,316.8,0.0,0.0,0.0,30.6,1.3862943611198906,42.1,"Rain, Partially cloudy",251.99333333333334,63.91333333333333,29.526666666666667
2019-08-05,322.7,0.0,0.0,0.2525,31.4,0.6931471805599453,52.2,"Rain, Partially cloudy",250.42,64.86666666666666,29.58
2019-08-06,243.2,0.0,0.0,0.0,29.1,2.3978952727983707,59.4,"Rain, Partially cloudy",245.27333333333334,65.54666666666665,29.419999999999998
2019-08-07,272.0,0.0,0.0,0.0,30.4,0.0,75.7,Overcast,242.99333333333334,68.33999999999999,29.31333333333334
2019-08-08,295.2,0.0019444444444444,0.0,0.0,31.6,0.09531017980432493,77.8,"Rain, Overcast",239.67333333333335,71.30666666666666,29.26666666666667
2019-08-09,220.1,3.1441666666666666,0.0,0.5047222222222223,29.1,1.665818245870208,76.0,"Rain, Overcast",250.02000000000004,70.76666666666667,29.386666666666667
2019-08-10,273.1,0.0041666666666666,0.0,0.1680555555555555,29.7,1.0986122886681098,62.2,"Rain, Partially cloudy",255.62000000000003,69.67333333333333,29.513333333333332
2019-08-11,304.3,0.0,0.0,1.1713888888888888,31.0,2.3978952727983707,58.2,"Rain, Partially cloudy",264.8266666666667,67.58666666666667,29.720000000000002
2019-08-12,165.2,0.0,0.0,2.413888888888889,30.8,2.1713368063840917,63.8,"Rain, Partially cloudy",257.76666666666665,66.64666666666668,29.78
2019-08-13,341.9,0.0,0.0,0.0,30.5,2.3978952727983707,85.1,"Rain, Overcast",255.99999999999997,68.64,29.753333333333337
2019-08-14,215.6,0.0,0.0,0.0,29.2,2.3978952727983707,77.0,"Rain, Overcast",250.1,68.09333333333333,29.76
2019-08-15,188.1,0.0019444444444444,0.0,0.0,29.1,2.3978952727983707,79.8,"Rain, Overcast",254.0,67.45333333333333,29.85333333333333
2019-08-16,233.5,0.0,0.0,7.4719444444444445,28.4,2.3978952727983707,80.1,"Rain, Overcast",252.54666666666665,67.38666666666667,29.766666666666666
2019-08-17,140.6,0.0019444444444444,0.0,1.5630555555555554,26.5,2.3978952727983707,70.4,"Rain, Partially cloudy",255.14,67.32666666666665,29.740000000000002
2019-08-18,293.6,0.0,0.0,7.088333333333334,26.0,2.3978952727983707,83.8,"Rain, Overcast",255.06,69.57333333333334,29.56
2019-08-19,284.5,0.0,0.0,1.0741666666666667,28.2,2.3978952727983707,60.5,"Rain, Partially cloudy",252.90666666666667,70.8,29.399999999999995
2019-08-20,368.8,0.0,0.0,0.0,29.0,0.0,40.8,Partially cloudy,255.98000000000002,70.04,29.240000000000002
2019-08-21,350.7,0.0,0.0,0.0,29.8,0.0,34.1,Partially cloudy,263.1466666666667,68.35333333333332,29.28666666666667
2019-08-22,305.3,0.0,0.0,0.0,29.0,2.0794415416798357,42.2,"Rain, Partially cloudy",265.3666666666667,66.12,29.193333333333335
2019-08-23,342.4,0.0022222222222222,0.0,0.0,29.9,2.3978952727983707,52.0,"Rain, Partially cloudy",268.5133333333333,64.39999999999999,29.08
2019-08-24,228.4,0.0,0.0,0.0,28.8,2.0918640616783932,67.6,"Rain, Partially cloudy",269.0666666666666,63.839999999999996,29.06
2019-08-25,178.5,0.0038888888888888,0.0,0.0,26.8,2.3978952727983707,80.7,"Rain, Overcast",262.76,65.07333333333332,28.866666666666667
2019-08-26,344.4,0.0,0.0,0.0,30.5,2.302585092994046,70.0,"Rain, Partially cloudy",265.43333333333334,65.86,28.833333333333336
2019-08-27,348.3,0.0,0.0,8.283333333333335,31.1,0.0,44.3,Partially cloudy,277.64000000000004,64.55999999999999,28.853333333333335
2019-08-28,352.8,0.0,0.0,0.6730555555555555,30.6,1.6094379124341003,27.6,"Rain, Partially cloudy",278.3666666666667,60.72666666666667,28.86
2019-08-29,176.7,0.0,0.0,0.1680555555555555,29.7,2.3978952727983707,60.7,"Rain, Partially cloudy",275.7733333333333,59.64,28.893333333333334
2019-08-30,269.09,0.0,0.0,0.0838888888888888,30.7,0.0,50.2,Partially cloudy,281.17266666666666,57.666666666666664,28.999999999999996
2019-08-31,293.3,0.0,0.0,0.8027777777777777,31.8,0.0,29.1,Partially cloudy,285.15933333333334,54.26666666666666,29.226666666666667
2019-09-01,209.2,0.0,0.0,0.0,29.2,2.3978952727983707,81.1,"Rain, Overcast",289.73266666666666,54.97999999999999,29.406666666666666
2019-09-02,287.0,0.0,0.0,0.0,30.1,0.0,61.0,Partially cloudy,289.29266666666666,53.46,29.68
2019-09-03,324.3,0.0,0.0,0.0,31.1,0.0,40.3,Partially cloudy,291.94599999999997,52.11333333333334,29.87333333333333
2019-09-04,240.2,0.0019444444444444,0.0,0.0,29.0,2.3978952727983707,65.1,"Rain, Partially cloudy",283.3726666666666,53.733333333333334,29.873333333333335
2019-09-05,142.2,0.0,0.0,5.981388888888889,27.2,2.3978952727983707,82.0,"Rain, Overcast",269.47266666666667,56.92666666666667,29.700000000000003
2019-09-06,288.4,0.0,0.0,2.916388888888889,30.0,1.0043016091968684,59.3,"Rain, Partially cloudy",268.34599999999995,58.06666666666667,29.766666666666666
2019-09-07,263.7,0.0,0.0,1.0091666666666663,30.2,0.09531017980432493,48.5,"Rain, Partially cloudy",263.0993333333333,57.83333333333333,29.786666666666665
2019-09-08,269.1,0.0080555555555555,0.0,0.0,30.2,1.0986122886681098,38.2,"Rain, Partially cloudy",265.8126666666667,55.873333333333335,29.879999999999995
2019-09-09,332.4,0.0,0.0,0.0,30.9,0.0,23.6,Clear,276.0726666666667,52.06666666666666,30.15333333333333
2019-09-10,292.9,0.0,0.0,0.2522222222222222,31.4,0.0,28.0,Partially cloudy,272.63933333333335,49.266666666666666,30.21333333333333
2019-09-11,286.5,0.0,0.0,0.0,31.6,1.6094379124341003,22.2,Rain,268.51933333333335,47.79333333333333,30.246666666666663
2019-09-12,252.9,0.0,0.0,0.0,30.8,0.0,34.6,Partially cloudy,261.8593333333333,48.26,30.26
2019-09-13,206.6,0.0,0.0,0.0,30.1,0.1823215567939546,57.7,"Rain, Partially cloudy",263.85266666666666,48.059999999999995,30.28666666666667
2019-09-14,273.1,0.0,0.0,0.0,30.0,0.6931471805599453,48.1,"Rain, Partially cloudy",264.12,47.919999999999995,30.240000000000002
2019-09-15,250.8,0.0,0.0,0.0841666666666666,30.1,0.0,39.9,Partially cloudy,261.2866666666667,48.639999999999986,30.12666666666667
2019-09-16,272.7,0.0,0.0,0.0,30.1,0.0,29.2,Partially cloudy,265.52000000000004,45.17999999999999,30.186666666666667
2019-09-17,320.7,0.0,0.0,0.0,30.4,0.0,32.6,Partially cloudy,267.76666666666665,43.28666666666666,30.20666666666667
2019-09-18,317.6,0.0,0.0,0.0841666666666666,29.2,0.0,32.7,Partially cloudy,267.32,42.78,30.080000000000002
2019-09-19,281.1,0.0,0.0,0.0,28.4,2.3978952727983707,59.1,"Rain, Partially cloudy",270.0466666666667,42.38,30.040000000000003
2019-09-20,313.5,0.0,0.0,0.0841666666666666,29.2,0.0,38.3,Partially cloudy,281.46666666666664,39.46666666666667,30.173333333333336
2019-09-21,301.8,0.0,0.0,1.1775,28.4,0.0,38.8,Partially cloudy,282.36,38.1,30.06666666666667
2019-09-22,294.5,0.0,0.0,0.0,27.8,0.35065687161316933,33.9,"Rain, Partially cloudy",284.4133333333333,37.126666666666665,29.906666666666666
2019-09-23,328.41,0.0019444444444444,0.0,0.0,28.7,1.3862943611198906,26.7,"Rain, Partially cloudy",288.36733333333336,36.36,29.80666666666667
2019-09-24,308.3,0.0,0.0,0.0,29.1,0.0,26.8,Partially cloudy,286.7606666666667,36.57333333333334,29.686666666666664
2019-09-25,287.9,0.0019444444444444,0.0,0.0,28.3,1.6094379124341003,38.6,"Rain, Partially cloudy",286.4273333333333,37.28,29.48
2019-09-26,241.4,0.0019444444444444,0.0,1.2538888888888888,28.9,2.3978952727983707,49.2,"Rain, Partially cloudy",283.42066666666665,39.08,29.3
2019-09-27,256.1,0.0,0.0,0.0,27.3,2.3978952727983707,38.0,"Rain, Partially cloudy",283.634,39.306666666666665,29.066666666666663
2019-09-28,217.9,0.0,0.0,1.6175,26.6,2.3978952727983707,52.4,"Rain, Partially cloudy",284.38733333333334,38.953333333333326,28.833333333333332
2019-09-29,123.91,0.0,0.0,0.0,23.7,2.3978952727983707,84.7,"Rain, Overcast",274.4413333333333,41.39333333333333,28.413333333333334
2019-09-30,176.3,0.0,0.0,0.0,25.8,2.3978952727983707,61.4,"Rain, Partially cloudy",269.4746666666667,42.82666666666667,28.126666666666665
2019-10-01,226.9,0.0022222222222222,0.0,0.0,26.9,2.3978952727983707,54.5,"Rain, Partially cloudy",266.4213333333334,44.51333333333333,27.91333333333333
2019-10-02,301.9,0.0,0.0,0.7591666666666667,27.3,2.0794415416798357,38.5,"Rain, Partially cloudy",265.168,44.906666666666666,27.706666666666667
2019-10-03,282.1,0.0,0.0,8.762500000000001,27.1,2.3978952727983707,56.5,"Rain, Partially cloudy",262.80133333333333,46.49333333333333,27.56666666666667
2019-10-04,206.4,0.0,0.0,0.0838888888888888,24.5,0.0,69.6,Partially cloudy,257.82133333333337,47.193333333333335,27.30666666666667
2019-10-05,311.3,0.0019444444444444,0.0,0.0,25.5,0.0,46.3,Partially cloudy,257.67466666666667,47.72666666666667,27.060000000000002
2019-10-06,267.1,0.0,0.0,1.0102777777777778,25.7,0.0,55.5,Partially cloudy,255.36133333333333,48.84,26.880000000000003
2019-10-07,211.8,0.0019444444444444,0.0,0.1683333333333333,25.9,0.0,51.6,Partially cloudy,249.848,50.02,26.753333333333334
2019-10-08,331.4,0.0,0.0,1.767777777777778,25.1,0.0,10.5,Clear,250.04733333333334,48.94,26.513333333333332
2019-10-09,297.2,0.0022222222222222,0.0,0.5052777777777778,25.6,0.0,18.1,Clear,249.30733333333333,48.36,26.279999999999998
2019-10-10,303.0,0.0,0.0,0.0838888888888888,25.4,0.0,8.2,Clear,250.314,46.33333333333333,26.086666666666662
2019-10-11,299.0,0.0,0.0,0.0,25.6,0.0,4.0,Clear,254.154,43.31999999999999,25.866666666666664
2019-10-12,284.9,0.0,0.0,0.0,25.9,0.0,8.8,Clear,256.074,41.37333333333333,25.773333333333333
2019-10-13,276.3,0.0,0.0,0.0,26.4,0.0,7.3,Clear,259.9673333333334,38.36666666666666,25.76
2019-10-14,259.8,0.0,0.0,0.0,26.1,0.0,14.0,Clear,269.0266666666667,33.65333333333332,25.92
2019-10-15,263.9,0.0,0.0,0.0,25.7,0.0,1.7,Clear,274.8666666666666,29.673333333333336,25.913333333333334
2019-10-16,226.1,0.0,0.0,0.0,26.4,0.0,10.1,Clear,274.8133333333333,26.71333333333333,25.88
2019-10-17,190.0,0.0,0.0,0.0,26.0,0.0,5.5,Clear,267.3533333333333,24.513333333333332,25.793333333333337
2019-10-18,223.5,0.0,0.0,0.0,25.3,0.0,16.1,Clear,263.44666666666666,21.819999999999997,25.673333333333336
2019-10-19,255.9,0.0,0.0,0.5886111111111112,24.7,0.0,10.6,Clear,266.74666666666667,17.886666666666667,25.68666666666667
2019-10-20,318.7,0.0,0.0,1.9361111111111111,24.5,0.0,18.1,Clear,267.24,16.006666666666668,25.620000000000005
2019-10-21,320.9,0.0,0.0,0.0,23.4,0.0,2.9,Clear,270.82666666666665,12.5,25.46666666666667
2019-10-22,321.8,0.0,0.0,0.0,24.3,0.0,0.0,Clear,278.15999999999997,9.06,25.36
2019-10-23,283.9,0.0,0.0,0.0,23.3,0.0,0.0,Clear,274.9933333333334,8.360000000000001,25.240000000000002
2019-10-24,233.6,0.0,0.0,0.0,23.7,0.0,0.0,Clear,270.7533333333334,7.153333333333334,25.113333333333333
2019-10-25,213.2,0.0,0.0,0.0,23.9,0.0,6.6,Clear,264.76666666666665,7.046666666666668,25.013333333333335
2019-10-26,196.7,0.0,0.0,0.0,23.3,0.0,1.3,Clear,257.94666666666666,6.866666666666667,24.86
2019-10-27,239.0,0.0,0.0,0.0,22.3,0.0,0.0,Clear,254.88666666666668,6.280000000000001,24.62
2019-10-28,207.6,0.0041666666666666,0.0,0.0,23.3,0.0,0.0,Clear,250.30666666666667,5.793333333333334,24.413333333333338
2019-10-29,150.0,0.0,0.0,0.0,23.0,0.0,20.5,Clear,242.98666666666665,6.226666666666666,24.20666666666667
2019-10-30,141.6,0.0,0.0,0.0,23.6,0.0,34.4,Partially cloudy,234.83333333333334,8.406666666666666,24.06666666666667
2019-10-31,183.5,0.0,0.0,0.0,23.5,0.0,0.3,Clear,231.9933333333333,7.753333333333333,23.873333333333335
2019-11-01,175.1,0.0,0.0,0.0,22.8,0.0,14.7,Clear,231.0,8.366666666666667,23.66
2019-11-02,77.9,0.0022222222222222,0.0,1.913333333333333,23.2,0.0,53.5,Partially cloudy,221.29333333333332,10.86,23.52
2019-11-03,130.0,0.0038888888888888,0.0,0.8419444444444445,22.3,0.0,38.7,Partially cloudy,212.9,12.733333333333333,23.36
2019-11-04,247.6,0.0,0.0,7.932222222222222,22.7,0.0,6.2,Clear,208.15999999999994,11.940000000000001,23.240000000000002
2019-11-05,246.7,0.0019444444444444,0.0,0.1683333333333333,22.9,0.0,0.1,Clear,203.21333333333328,11.753333333333332,23.206666666666667
2019-11-06,150.91,0.0,0.0,0.0841666666666666,21.5,0.0,18.4,Clear,191.82066666666665,12.979999999999999,23.02
2019-11-07,146.59,0.0,0.0,0.1683333333333333,19.9,2.347558458636777,78.1,"Rain, Overcast",182.66666666666666,18.186666666666664,22.793333333333337
2019-11-08,205.8,0.0019444444444444,0.0,1.087777777777778,19.9,1.8180767775454285,28.4,"Rain, Partially cloudy",180.81333333333333,20.08,22.540000000000003
2019-11-09,204.6,0.0,0.0,2.8772222222222226,19.8,0.0,3.6,Clear,180.23999999999998,19.88,22.266666666666673
2019-11-10,212.09,0.0,0.0,0.0,18.1,0.0,10.8,Clear,181.26599999999996,20.513333333333332,21.92
2019-11-11,138.8,0.0,0.0,0.0,16.9,0.0,30.6,Partially cloudy,174.58599999999998,22.55333333333333,21.56
2019-11-12,226.7,0.0,0.0,0.0,18.0,0.0,27.8,Partially cloudy,175.85933333333332,24.406666666666663,21.206666666666663
2019-11-13,179.5,0.0,0.0,0.0,18.3,0.0,45.6,Partially cloudy,177.826,26.08,20.89333333333333
2019-11-14,118.8,0.0,0.0,2.0119444444444445,19.6,0.0,35.3,Partially cloudy,176.30599999999998,26.139999999999997,20.626666666666665
2019-11-15,168.0,0.0,0.0,0.5894444444444445,20.5,0.0,35.6,Partially cloudy,175.27266666666662,28.493333333333332,20.426666666666666
2019-11-16,129.9,0.0,0.0,3.888611111111111,19.9,0.3364722366212129,35.1,"Rain, Partially cloudy",172.2593333333333,29.85333333333333,20.233333333333338
2019-11-17,312.4,0.0,0.0,0.0,19.7,0.0,7.3,Clear,187.89266666666666,26.773333333333333,20.000000000000004
2019-11-18,290.5,0.0,0.0,0.0,19.1,0.0,0.0,Clear,198.59266666666667,24.193333333333335,19.78666666666667
2019-11-19,254.2,0.0,0.0,0.0841666666666666,17.8,0.0,7.9,Clear,199.03266666666667,24.30666666666667,19.46
2019-11-20,231.6,0.0,0.0,0.0,17.1,0.0,26.2,Partially cloudy,198.026,26.046666666666667,19.073333333333334
2019-11-21,181.7,0.0,0.0,0.0,17.2,0.0,39.5,Partially cloudy,200.07866666666666,27.453333333333333,18.78666666666667
2019-11-22,160.7,0.0,0.0,0.0,17.7,0.0,56.6,Partially cloudy,201.01933333333335,26.02,18.64
2019-11-23,167.9,0.0,0.0,0.0,19.6,0.0,46.3,Partially cloudy,198.49266666666668,27.21333333333333,18.62
2019-11-24,257.9,0.0,0.0,0.0,18.6,0.0,9.5,Clear,202.04599999999996,27.606666666666662,18.54
2019-11-25,248.1,0.0,0.0,0.0841666666666666,17.7,0.0,23.5,Clear,204.44666666666663,28.45333333333333,18.513333333333332
2019-11-26,27.1,0.0019444444444444,0.0,0.0,15.9,2.3978952727983707,74.2,"Rain, Partially cloudy",196.99999999999997,31.359999999999996,18.446666666666665
2019-11-27,72.6,0.0,0.0,3.3469444444444445,18.4,2.3978952727983707,72.3,"Rain, Partially cloudy",186.72666666666663,34.32666666666666,18.473333333333333
2019-11-28,43.7,0.0,0.0,5.030555555555555,17.4,2.3978952727983707,69.0,"Rain, Partially cloudy",177.67333333333332,35.88666666666666,18.41333333333333
2019-11-29,216.2,0.0022222222222222,0.0,0.0,17.0,0.0,30.8,Partially cloudy,184.16666666666666,35.586666666666666,18.24
2019-11-30,256.5,0.0,0.0,0.0,16.6,0.0,0.0,Clear,190.06666666666663,33.21333333333333,17.98
2019-12-01,243.9,0.0,0.0,0.0,15.3,0.0,0.0,Clear,197.66666666666663,30.87333333333333,17.673333333333332
2019-12-02,244.6,0.0,0.0,0.0,14.3,0.0,0.0,Clear,193.14666666666662,30.386666666666663,17.313333333333336
2019-12-03,271.5,0.0,0.0,0.7566666666666666,13.8,0.0,0.0,Clear,191.87999999999997,30.386666666666663,16.96
2019-12-04,238.0,0.0,0.0,0.0,13.7,0.0,15.5,Clear,190.79999999999998,30.893333333333334,16.686666666666664
2019-12-05,179.3,0.0,0.0,0.0841666666666666,13.7,0.0,8.1,Clear,187.31333333333333,29.686666666666664,16.459999999999997
2019-12-06,243.3,0.0,0.0,0.0,15.3,0.0,1.3,Clear,191.42000000000002,27.139999999999997,16.333333333333332
2019-12-07,221.0,0.0,0.0,0.0,14.7,0.0,0.0,Clear,195.44,23.366666666666664,16.133333333333333
2019-12-08,257.59,0.0,0.0,0.1683333333333333,14.2,0.0,5.0,Clear,201.41933333333333,20.61333333333333,15.773333333333332
2019-12-09,183.0,0.0,0.0,0.0841666666666666,14.1,0.0,45.5,Partially cloudy,196.42599999999996,23.013333333333332,15.473333333333333
2019-12-10,218.2,0.0,0.0,3.0302777777777776,13.6,0.0,16.1,Clear,194.43266666666662,22.52,15.2
2019-12-11,143.1,0.0,0.0,0.0,13.6,0.0,17.9,Clear,202.16599999999994,18.766666666666666,15.046666666666665
2019-12-12,36.0,0.0,0.0,0.0,15.1,1.5748464676644813,91.6,"Rain, Overcast",199.72599999999997,20.053333333333335,14.826666666666663
2019-12-13,52.4,0.0,0.0,0.8602777777777778,14.2,2.3978952727983707,87.9,"Rain, Overcast",200.30599999999998,21.313333333333333,14.613333333333332
2019-12-14,185.6,0.0,0.0,0.0,13.9,0.0,54.2,Partially cloudy,198.266,22.87333333333333,14.406666666666665
2019-12-15,246.6,0.0022222222222222,0.0,0.0,13.6,0.0,16.2,Clear,197.606,23.95333333333333,14.206666666666665
2019-12-16,39.3,0.0,0.0,0.5791666666666667,11.5,0.0,0.1,Clear,183.966,23.959999999999997,13.953333333333333
2019-12-17,113.8,0.0,0.0,2.355277777777778,11.8,0.0,11.1,Clear,175.246,24.7,13.786666666666667
2019-12-18,86.8,0.0,0.0,2.805555555555556,10.3,0.0,25.1,Partially cloudy,162.93266666666668,26.37333333333333,13.553333333333335
2019-12-19,133.9,0.0,0.0,0.0,10.0,0.0,10.1,Clear,155.99266666666668,26.01333333333333,13.306666666666667
2019-12-20,130.6,0.0,0.0,0.0,11.5,0.0,42.9,Partially cloudy,152.746,28.33333333333333,13.16
2019-12-21,89.4,0.0,0.0,0.0,10.5,0.0,0.2,Clear,142.486,28.259999999999994,12.84
2019-12-22,57.4,0.0025,0.0,0.0,10.2,0.0,0.3,Clear,131.57933333333332,28.279999999999998,12.540000000000001
2019-12-23,46.0,0.0,0.0,1.6277777777777778,9.3,0.0,0.3,Clear,117.47333333333333,27.966666666666665,12.213333333333333
2019-12-24,47.6,0.0,0.0,2.873611111111111,9.8,0.0,7.4,Clear,108.44666666666666,25.426666666666662,11.926666666666666
2019-12-25,62.5,0.0,0.0,0.0,8.1,0.0,0.0,Clear,98.06666666666666,24.353333333333328,11.559999999999999
2019-12-26,56.5,0.0,0.0,0.0,8.3,0.0,10.1,Clear,92.29333333333334,23.83333333333333,11.206666666666667
2019-12-27,89.8,0.0,0.0,0.0,8.0,0.0,7.7,Clear,95.88,18.24,10.73333333333333
2019-12-28,99.8,0.0,0.0,0.0,7.3,0.0,0.5,Clear,99.03999999999999,12.413333333333332,10.273333333333332
2019-12-29,144.1,0.0,0.0,0.0,7.2,0.0,0.5,Clear,96.27333333333334,8.833333333333334,9.826666666666666
2019-12-30,103.59,0.0,0.0,2.148055555555556,7.0,0.0,4.3,Clear,86.73933333333335,8.04,9.386666666666667
2019-12-31,226.1,0.0,0.0,0.0,8.1,0.0,13.3,Clear,99.19266666666668,8.919999999999998,9.16
2020-01-01,224.5,0.0,0.0,0.0,9.3,0.0,27.3,Partially cloudy,106.57266666666668,10.0,8.993333333333332
2020-01-02,197.3,0.0,0.0,0.0,11.8,0.0,35.3,Partially cloudy,113.93933333333335,10.680000000000001,9.093333333333334
2020-01-03,213.7,0.0,0.0,0.9230555555555556,12.8,0.0,0.5,Clear,119.25933333333333,10.040000000000001,9.28
2020-01-04,217.4,0.0019444444444444,0.0,0.0,11.5,0.0,22.9,Clear,125.046,8.706666666666667,9.280000000000001
2020-01-05,205.1,0.0,0.0,1.7091666666666667,13.1,0.0,57.2,Partially cloudy,132.75933333333336,12.506666666666668,9.453333333333335
2020-01-06,33.8,0.0,0.0,2.043888888888889,12.2,2.0515563381903004,100.0,"Rain, Overcast",131.186,19.153333333333336,9.586666666666666
2020-01-07,32.9,0.0,0.0,0.0,12.4,2.3978952727983707,98.8,"Rain, Overcast",130.31266666666667,25.72,9.793333333333331
2020-01-08,46.9,0.0,0.0,0.0,11.7,2.3978952727983707,85.1,"Rain, Overcast",130.266,30.9,9.919999999999998
2020-01-09,153.8,0.0,0.0,0.0,9.5,2.3978952727983707,24.5,Rain,136.35266666666666,32.53333333333333,10.013333333333332
2020-01-10,300.3,0.0,0.0,0.0,10.4,0.0,10.2,Clear,152.606,32.54,10.153333333333332
2020-01-11,252.6,0.0,0.0,0.0,11.4,0.0,41.5,Partially cloudy,163.45933333333335,34.79333333333333,10.379999999999999
2020-01-12,160.3,0.0,0.0,0.0838888888888888,12.8,0.0,74.7,Partially cloudy,167.49266666666668,39.739999999999995,10.746666666666668
2020-01-13,30.9,0.0,0.0,3.912777777777778,11.6,2.3978952727983707,75.3,"Rain, Overcast",159.946,44.72666666666667,11.04
2020-01-14,240.4,0.0,0.0,0.0,10.4,0.0,17.5,Clear,169.06666666666666,45.60666666666666,11.266666666666666
2020-01-15,190.91,0.0,0.0,0.1463888888888888,9.5,0.0,8.1,Clear,166.72066666666666,45.26,11.359999999999998
2020-01-16,113.4,0.0,0.0,0.0,10.4,0.4054651081081644,37.1,"Rain, Partially cloudy",159.314,45.913333333333334,11.433333333333332
2020-01-17,95.5,0.0,0.0,0.0,10.3,0.0,23.1,Clear,152.52733333333333,45.1,11.333333333333334
2020-01-18,202.9,0.0,0.0,0.0,11.8,0.0,8.4,Clear,151.80733333333333,45.626666666666665,11.266666666666667
2020-01-19,191.5,0.0,0.0,0.0,11.3,0.0,6.0,Clear,150.08066666666667,44.5,11.253333333333336
2020-01-20,147.4,0.0,0.0,0.0,12.3,0.0,22.7,Clear,146.234,42.199999999999996,11.200000000000001
2020-01-21,168.3,0.0,0.0,0.0,13.4,0.0,34.8,Partially cloudy,155.20066666666668,37.85333333333333,11.28
2020-01-22,202.4,0.0,0.0,0.0841666666666666,12.8,0.0,0.1,Clear,166.50066666666666,31.273333333333333,11.306666666666667
2020-01-23,318.4,0.0,0.0,0.0,11.8,0.0,0.0,Clear,184.60066666666665,25.6,11.313333333333334
2020-01-24,232.0,0.0,0.0,0.0844444444444444,12.1,0.0,3.7,Clear,189.81400000000002,24.213333333333335,11.486666666666666
2020-01-25,202.1,0.0022222222222222,0.0,0.0,10.8,0.0,39.2,Partially cloudy,183.2673333333333,26.14666666666667,11.513333333333334
2020-01-26,258.8,0.0019444444444444,0.0,0.0,11.8,0.0,0.3,Clear,183.68066666666667,23.400000000000002,11.540000000000001
2020-01-27,36.1,0.0,0.0,0.0847222222222222,11.0,1.0367368849500223,69.8,"Rain, Partially cloudy",175.40066666666667,23.073333333333334,11.42
2020-01-28,137.9,0.0,0.0,3.0875,13.4,2.3978952727983707,89.0,"Rain, Overcast",182.53399999999996,23.986666666666668,11.54
2020-01-29,178.59,3.7911111111111113,4.416388888888889,1.2958333333333334,12.9,2.3978952727983707,32.9,"Rain, Partially cloudy",178.41333333333333,25.013333333333332,11.706666666666665
2020-01-30,310.41,0.0,0.0,1.9266666666666663,12.3,0.0,0.1,Clear,186.37999999999997,24.48,11.893333333333333
2020-01-31,151.3,0.0,0.0,0.0,10.1,0.0,16.3,Clear,188.90666666666664,23.093333333333334,11.873333333333333
2020-02-01,175.1,0.0,0.0,0.0,10.0,0.0,19.7,Clear,194.21333333333334,22.866666666666667,11.853333333333335
2020-02-02,217.8,0.0,0.0,1.6961111111111111,11.7,0.0,7.7,Clear,195.2066666666667,22.819999999999997,11.846666666666666
2020-02-03,301.4,0.0,0.0,0.0,11.1,0.0,0.0,Clear,202.53333333333336,22.419999999999998,11.833333333333334
2020-02-04,253.1,0.0022222222222222,0.0,0.0,11.8,0.0,30.6,Partially cloudy,209.58000000000004,22.946666666666662,11.8
2020-02-05,310.8,0.0,0.0,0.0,12.7,0.0,0.1,Clear,219.08,20.633333333333333,11.753333333333334
2020-02-06,303.59,0.0,0.0,0.0,11.9,0.0,7.3,Clear,225.826,21.113333333333337,11.693333333333332
2020-02-07,278.7,0.0,0.0,0.0,11.9,0.0,4.9,Clear,223.17933333333332,21.440000000000005,11.699999999999998
2020-02-08,295.8,0.0,0.0,0.0,12.5,0.0,0.0,Clear,227.43266666666665,21.19333333333334,11.726666666666667
2020-02-09,262.7,0.0,0.0,0.0,12.7,0.0,5.5,Clear,231.47266666666667,18.94666666666667,11.853333333333332
2020-02-10,302.5,0.0,0.0,0.0,12.9,0.0,18.8,Clear,234.38599999999997,20.180000000000003,11.926666666666666
2020-02-11,197.6,0.0,0.0,1.6044444444444443,13.3,0.0,7.1,Clear,245.15266666666665,16.000000000000004,12.079999999999998
2020-02-12,304.4,0.0,0.0,0.0,16.3,0.0,0.7,Clear,256.25266666666664,10.113333333333333,12.273333333333332
2020-02-13,324.1,0.0019444444444444,0.0,0.0,17.5,0.0,10.1,Clear,265.9533333333333,8.593333333333334,12.579999999999998
2020-02-14,283.1,0.0,0.0,0.0,16.3,0.0,3.5,Clear,264.13266666666664,8.82,12.846666666666666
2020-02-15,355.59,0.0,0.0,0.0,16.2,0.0,0.0,Clear,277.752,7.7333333333333325,13.253333333333334
2020-02-16,347.5,0.0,0.0,0.0,16.9,0.0,3.9,Clear,289.24533333333335,6.68,13.713333333333335
2020-02-17,360.3,0.0,0.0,0.0,16.7,0.0,0.0,Clear,298.7453333333333,6.166666666666667,14.046666666666667
2020-02-18,352.8,0.0,0.0,0.0,17.0,0.0,19.8,Clear,302.17199999999997,7.486666666666667,14.44
2020-02-19,227.1,0.0,0.0,0.0,16.5,0.0,50.2,Partially cloudy,300.4386666666666,8.793333333333335,14.753333333333332
2020-02-20,202.8,0.0019444444444444,0.0,0.0,19.2,0.6729444732424258,65.8,"Rain, Partially cloudy",293.23866666666663,13.173333333333334,15.186666666666666
2020-02-21,255.6,0.0,0.0,0.0,17.0,2.3978952727983707,59.8,"Rain, Partially cloudy",290.03933333333333,16.673333333333336,15.526666666666666
2020-02-22,274.2,0.0,0.0,0.0,18.2,0.0,14.3,Clear,289.7393333333333,17.3,15.946666666666665
2020-02-23,254.3,0.0,0.0,0.0,18.0,0.0,21.1,Clear,286.9726666666666,18.706666666666667,16.313333333333333
2020-02-24,321.5,0.0,0.0,0.0,17.5,0.0,16.7,Clear,290.8926666666667,19.453333333333333,16.633333333333333
2020-02-25,270.3,0.0,0.0,0.0,18.3,0.0,11.1,Clear,288.746,18.939999999999998,16.993333333333332
2020-02-26,267.1,0.0,0.0,0.0,17.8,0.0,8.1,Clear,293.3793333333333,19.006666666666664,17.293333333333337
2020-02-27,200.4,0.0,0.0,0.0,18.1,0.0,21.3,Clear,286.446,20.38,17.413333333333334
2020-02-28,233.5,0.0,0.0,0.0,18.5,0.0,39.1,Partially cloudy,280.406,22.313333333333333,17.48
2020-02-29,180.8,0.0019444444444444,0.0,0.0,18.1,2.3978952727983707,66.3,"Rain, Partially cloudy",273.586,26.5,17.6
2020-03-01,336.3,0.0,0.0,0.0,18.9,0.0,16.2,Clear,272.3,27.579999999999995,17.78
2020-03-02,342.0,0.0,0.0,0.0,19.0,0.0,4.0,Clear,271.93333333333334,27.586666666666662,17.92
2020-03-03,348.0,0.0,0.0,0.0,19.2,0.0,0.1,Clear,271.11333333333334,27.593333333333334,18.08666666666667
2020-03-04,338.6,0.0,0.0,0.0,19.3,0.0,29.9,Partially cloudy,270.1666666666667,28.266666666666666,18.24
2020-03-05,295.7,0.0019444444444444,0.0,0.0,19.1,1.6544112780768316,69.5,"Rain, Partially cloudy",274.73999999999995,29.553333333333335,18.413333333333334
2020-03-06,26.8,0.0,0.0,5.716388888888888,14.8,2.3978952727983707,89.9,"Rain, Overcast",263.00666666666666,31.159999999999997,18.12
2020-03-07,127.1,0.0,0.0,0.0,14.0,2.3978952727983707,84.0,"Rain, Overcast",254.44,32.77333333333333,17.92
2020-03-08,373.0,0.0,0.0,0.0,16.6,1.9459101490553132,5.4,Rain,261.0266666666667,32.18,17.813333333333333
2020-03-09,268.6,0.0,0.0,3.801944444444445,17.4,0.0,0.0,Clear,261.98,30.773333333333333,17.773333333333333
2020-03-10,373.2,0.0,0.0,0.0,18.0,0.0,32.1,Partially cloudy,265.4266666666667,31.8,17.806666666666665
2020-03-11,115.1,0.0122222222222222,0.0,0.0,16.7,2.3978952727983707,85.1,"Rain, Overcast",255.08,36.733333333333334,17.7
2020-03-12,232.1,0.0,0.0,0.0,18.8,2.3978952727983707,43.6,"Rain, Partially cloudy",252.74666666666667,39.1,17.766666666666666
2020-03-13,325.4,0.0,0.0,0.0,17.3,2.3978952727983707,50.9,"Rain, Partially cloudy",261.08000000000004,41.07333333333333,17.713333333333335
2020-03-14,40.7,0.0,0.0,1.2408333333333337,13.3,2.3978952727983707,85.9,"Rain, Overcast",248.2266666666667,44.19333333333333,17.366666666666667
2020-03-15,363.7,0.0,0.0,0.0,16.3,2.3978952727983707,9.8,Rain,260.41999999999996,40.42666666666667,17.246666666666666
2020-03-16,367.0,0.0,0.0,0.0,19.0,0.0,11.0,Clear,262.46666666666664,40.080000000000005,17.253333333333334
2020-03-17,389.09,0.0,0.0,0.0,20.0,0.0,1.3,Clear,265.606,39.9,17.32
2020-03-18,369.41,0.0,0.0,0.0,20.9,0.0,0.1,Clear,267.03333333333336,39.900000000000006,17.433333333333337
2020-03-19,335.59,0.0,0.0,0.0,21.4,0.0,18.4,Clear,266.8326666666666,39.13333333333333,17.573333333333334
2020-03-20,315.7,0.0,0.0,0.0,21.0,0.0,37.0,Partially cloudy,268.166,36.96666666666667,17.7
2020-03-21,263.1,0.0,0.0,0.0,20.6,2.3978952727983707,53.2,"Rain, Partially cloudy",283.9193333333334,34.519999999999996,18.086666666666666
2020-03-22,376.7,0.0,0.0,0.0,20.9,1.0986122886681098,12.5,Rain,300.55933333333337,29.753333333333327,18.54666666666667
2020-03-23,357.3,0.0,0.0,0.0,22.0,0.0,15.6,Clear,299.51266666666663,30.433333333333326,18.906666666666666
2020-03-24,216.1,0.1283333333333333,0.0,0.0,21.7,0.887891257352457,77.4,"Rain, Overcast",296.01266666666663,35.59333333333333,19.19333333333333
2020-03-25,334.8,0.0038888888888888,0.0,0.0,22.6,0.0,45.1,Partially cloudy,293.45266666666663,36.46,19.499999999999996
2020-03-26,61.1,7.642222222222223,10.59027777777778,0.0,22.6,0.0,65.2,Partially cloudy,289.8526666666666,35.13333333333333,19.893333333333334
2020-03-27,95.7,0.0,0.0,0.0838888888888888,19.8,2.379546134130174,93.2,"Rain, Overcast",280.7593333333333,38.44,19.96
2020-03-28,384.59,0.0,0.0,0.0,20.9,2.3978952727983707,11.3,Rain,284.70533333333333,35.8,20.200000000000003
2020-03-29,411.0,0.0,0.0,0.0,21.7,0.0,1.4,Clear,309.392,30.16666666666667,20.76
2020-03-30,372.91,0.0,0.0,0.0,21.5,0.0,27.5,Partially cloudy,310.006,31.346666666666668,21.106666666666666
2020-03-31,177.3,0.0,0.0,0.0,20.3,0.34358970439007686,60.0,"Rain, Partially cloudy",297.35933333333327,34.61333333333333,21.19333333333333
2020-04-01,366.8,0.0,0.0,0.0,22.5,0.0,12.7,Clear,295.8733333333333,35.37333333333333,21.36
2020-04-02,397.8,0.0,0.0,0.0,22.4,0.0,5.1,Clear,297.76599999999996,35.70666666666667,21.459999999999997
2020-04-03,393.5,0.0,0.0,0.0,21.6,0.0,0.1,Clear,301.62666666666667,34.48666666666667,21.473333333333333
2020-04-04,385.1,0.0,0.0,0.0,22.7,0.0,0.1,Clear,306.25333333333333,32.02666666666667,21.586666666666666
2020-04-05,335.2,0.0038888888888888,0.0,0.0,23.3,0.0,36.4,Partially cloudy,311.06000000000006,30.90666666666667,21.766666666666666
2020-04-06,385.6,0.0,0.0,0.0,24.9,0.0,8.8,Clear,311.65333333333336,30.66,22.03333333333333
2020-04-07,192.7,0.0,0.0,0.0,21.9,0.4054651081081644,45.7,"Rain, Partially cloudy",300.68,32.666666666666664,22.026666666666667
2020-04-08,400.8,0.0,0.0,0.0,22.8,1.410986973710262,18.0,Rain,312.99333333333334,28.706666666666667,22.1
2020-04-09,339.1,0.0,0.0,0.0,23.9,0.0,38.7,Partially cloudy,313.2800000000001,28.28,22.18666666666667
2020-04-10,332.6,0.0080555555555555,0.0,0.0,25.6,0.0,17.4,Clear,331.38000000000005,25.093333333333337,22.38666666666667
2020-04-11,363.9,0.0,0.0,0.0,26.5,0.0,21.1,Clear,349.26,20.28666666666667,22.833333333333332
2020-04-12,206.7,0.0,0.0,7.335833333333333,26.3,0.0,33.8,Partially cloudy,337.4006666666666,21.78666666666667,23.193333333333335
2020-04-13,296.7,0.0,0.0,0.0,28.5,0.0,36.6,Partially cloudy,329.7806666666666,24.133333333333336,23.646666666666665
2020-04-14,326.9,0.0,0.0,0.0,29.6,0.0,38.8,Partially cloudy,326.7133333333333,24.886666666666667,24.186666666666664
2020-04-15,288.6,0.0,0.0,0.0,30.2,0.0,44.8,Partially cloudy,334.1333333333333,23.873333333333335,24.846666666666664
2020-04-16,315.0,0.0,0.0,0.0,28.9,0.0,22.9,Clear,330.68,24.553333333333335,25.27333333333333
2020-04-17,242.9,0.0,0.0,0.0,26.4,2.200552367428894,76.3,"Rain, Overcast",320.3533333333333,29.3,25.54
2020-04-18,277.4,0.0,0.0,0.0,25.1,2.3978952727983707,59.0,"Rain, Partially cloudy",312.61333333333334,33.22666666666667,25.773333333333333
2020-04-19,257.1,0.0,0.0,0.0,25.8,0.6931471805599453,41.4,"Rain, Partially cloudy",304.08000000000004,35.98,25.98
2020-04-20,197.4,0.0,0.0,3.5175,22.9,2.3978952727983707,66.2,"Rain, Partially cloudy",294.8933333333333,37.96666666666667,25.95333333333333
2020-04-21,381.2,0.0,0.0,0.0,24.1,1.3862943611198906,23.3,Rain,294.6,38.93333333333334,25.9
2020-04-22,373.8,0.0,0.0,0.0,26.2,0.0,9.1,Clear,306.6733333333334,36.49333333333333,26.186666666666667
2020-04-23,169.8,0.0,0.0,4.674166666666666,27.5,0.0,45.8,Partially cloudy,291.2733333333333,38.346666666666664,26.499999999999996
2020-04-24,128.8,0.0,0.0,12.21527777777778,27.8,0.0,4.9,Clear,277.25333333333333,36.093333333333334,26.759999999999998
2020-04-25,87.0,0.0,0.0,5.249444444444444,25.2,0.1823215567939546,49.6,"Rain, Partially cloudy",260.88,38.239999999999995,26.73333333333333
2020-04-26,58.0,0.0,0.0,6.495833333333334,23.6,2.3978952727983707,56.2,"Rain, Partially cloudy",240.48666666666665,40.58,26.54
2020-04-27,139.2,0.0,0.0,4.6241666666666665,21.7,2.3978952727983707,48.1,"Rain, Partially cloudy",235.98666666666668,41.53333333333333,26.23333333333333
2020-04-28,287.4,0.0,0.0,0.0,26.0,0.0,17.5,Clear,235.36666666666667,40.26,26.066666666666666
2020-04-29,334.5,0.0,0.0,0.0,27.8,0.0,2.7,Clear,235.87333333333333,37.853333333333325,25.946666666666665
2020-04-30,301.4,0.0,0.0,0.0,29.3,0.0,29.1,Partially cloudy,236.7266666666667,36.80666666666666,25.886666666666667
2020-05-01,322.1,0.0,0.0,0.0,29.6,2.3978952727983707,8.5,Rain,237.2,35.846666666666664,25.933333333333334
2020-05-02,166.6,0.0019444444444444,0.0,2.521666666666667,27.9,1.1631508098056809,65.0,"Rain, Partially cloudy",232.11333333333332,35.093333333333334,26.033333333333335
2020-05-03,320.4,0.0038888888888888,0.0,23.73583333333333,27.0,2.3978952727983707,70.1,"Rain, Partially cloudy",234.97999999999996,35.83333333333333,26.16
2020-05-04,244.0,0.0,0.0,9.293611111111112,26.3,2.3978952727983707,34.0,"Rain, Partially cloudy",234.10666666666665,35.339999999999996,26.193333333333335
2020-05-05,302.6,0.0022222222222222,0.0,0.0,27.7,0.0,33.6,Partially cloudy,241.12,33.166666666666664,26.513333333333332
2020-05-06,171.0,0.0,0.0,6.1402777777777775,26.9,0.26236426446749106,58.1,"Rain, Partially cloudy",227.1066666666667,35.486666666666665,26.7
2020-05-07,376.0,0.0,0.0,0.0,27.7,0.0,5.2,Clear,227.25333333333336,35.22666666666666,26.8
2020-05-08,344.8,0.0,0.0,0.0,28.7,0.0,1.3,Clear,238.92000000000002,32.26,26.880000000000003
2020-05-09,281.2,0.0,0.0,0.0,30.1,0.0,12.6,Clear,249.08,32.77333333333333,27.033333333333335
2020-05-10,21.9,0.0,0.0,9.70388888888889,25.7,2.259677591982769,43.8,"Rain, Partially cloudy",244.74,32.38666666666666,27.066666666666666
2020-05-11,334.8,0.0,0.0,0.0,27.1,1.6486586255873816,38.7,"Rain, Partially cloudy",263.1933333333333,31.219999999999995,27.300000000000004
2020-05-12,322.6,0.0058333333333333,0.0,0.0,27.3,2.3978952727983707,51.4,"Rain, Partially cloudy",275.42,31.44,27.67333333333334
2020-05-13,224.6,0.0022222222222222,0.0,0.0,27.6,0.0,55.0,Partially cloudy,271.23333333333335,33.94,27.78
2020-05-14,197.6,0.0063888888888888,0.0,4.068333333333333,26.8,2.3978952727983707,31.8,"Rain, Partially cloudy",262.1066666666666,35.879999999999995,27.71333333333333
2020-05-15,335.9,0.0022222222222222,0.0,0.0,29.3,2.3978952727983707,35.6,"Rain, Partially cloudy",264.4066666666667,36.31333333333333,27.71333333333333
2020-05-16,319.4,0.0,0.0,0.0,30.2,0.0,6.3,Clear,264.2266666666667,36.166666666666664,27.75333333333333
2020-05-17,336.9,0.0,0.0,0.0,30.9,0.0,37.1,Partially cloudy,275.58,34.30666666666667,27.95333333333333
2020-05-18,297.91,0.0,0.0,0.0,30.4,0.0,17.8,Clear,274.0806666666667,30.820000000000004,28.179999999999996
2020-05-19,341.8,0.0019444444444444,0.0,0.0,29.7,0.0,16.1,Clear,280.6006666666667,29.626666666666665,28.40666666666667
2020-05-20,349.1,0.0063888888888888,0.0,0.0,30.5,0.0,0.0,Clear,283.7006666666666,27.386666666666667,28.593333333333337
2020-05-21,341.2,0.0038888888888888,0.0,0.0,31.8,0.0,0.0,Clear,295.0473333333333,23.51333333333334,28.920000000000005
2020-05-22,333.7,0.0,0.0,0.0,32.6,0.0,0.0,Clear,292.2273333333333,23.16666666666667,29.24666666666667
2020-05-23,279.0,0.0,0.0,0.0,34.8,0.0,38.1,Partially cloudy,287.84066666666666,25.619999999999997,29.653333333333332
2020-05-24,341.6,0.0,0.0,0.0,33.4,0.0,3.5,Clear,291.86733333333336,25.013333333333335,29.873333333333335
2020-05-25,363.6,0.0,0.0,0.0,34.7,0.0,0.0,Clear,314.64733333333334,22.093333333333334,30.473333333333336
2020-05-26,328.2,0.0,0.0,0.0,35.2,0.0,8.2,Clear,314.20733333333334,20.060000000000002,31.013333333333332
2020-05-27,275.8,0.0058333333333333,0.0,0.0,34.1,0.6312717768418578,19.0,Rain,311.0873333333333,17.900000000000002,31.466666666666665
2020-05-28,129.7,0.0061111111111111,0.0,4.525277777777778,30.2,2.3978952727983707,46.9,"Rain, Partially cloudy",304.7606666666666,17.360000000000003,31.64
2020-05-29,84.09,0.0061111111111111,0.0,8.2225,25.8,2.3978952727983707,51.3,"Rain, Partially cloudy",297.19333333333327,18.66,31.57333333333333
2020-05-30,301.7,0.0,0.0,0.0,27.0,2.3978952727983707,73.0,"Rain, Partially cloudy",294.9133333333333,21.153333333333332,31.419999999999998
2020-05-31,306.09,0.0,0.0,0.0,25.2,2.3978952727983707,68.1,"Rain, Partially cloudy",294.026,25.273333333333333,31.086666666666662
2020-06-01,371.11,0.0022222222222222,0.0,0.0,27.3,1.3862943611198906,30.1,"Rain, Partially cloudy",296.3066666666666,24.80666666666667,30.846666666666668
2020-06-02,239.3,0.0,0.0,0.0,27.3,2.3978952727983707,36.2,"Rain, Partially cloudy",292.3993333333333,26.033333333333335,30.640000000000004
2020-06-03,349.7,0.0,0.0,0.0,28.4,2.3978952727983707,47.2,"Rain, Partially cloudy",292.926,28.10666666666667,30.553333333333338
2020-06-04,292.8,0.0,0.0,0.0,28.7,2.3978952727983707,63.9,"Rain, Partially cloudy",289.1726666666666,32.36666666666667,30.433333333333337
2020-06-05,306.2,0.0,0.0,0.0,27.2,1.0296194171811581,49.5,"Rain, Partially cloudy",286.83933333333334,35.666666666666664,30.12666666666667
2020-06-06,301.7,0.0,0.0,0.0,28.5,1.791759469228055,32.9,"Rain, Partially cloudy",284.706,37.86,29.85333333333333
2020-06-07,221.5,0.0,0.0,0.0,25.8,2.3978952727983707,56.0,"Rain, Partially cloudy",280.87266666666665,39.053333333333335,29.25333333333333
2020-06-08,305.09,0.0,0.0,0.0838888888888888,29.7,0.0,15.4,Clear,278.4386666666667,39.846666666666664,29.006666666666664
2020-06-09,326.11,0.0058333333333333,0.0,0.0,31.8,0.0,0.3,Clear,275.93933333333337,39.86666666666667,28.813333333333333
2020-06-10,260.39,0.0,0.0,0.0,31.4,0.0,23.8,Clear,271.4186666666667,40.906666666666666,28.560000000000002
2020-06-11,335.61,0.0,0.0,0.0,32.7,0.0,7.9,Clear,275.40599999999995,40.166666666666664,28.46666666666667
2020-06-12,302.89,0.0,0.0,0.0,33.1,0.0,20.2,Clear,286.952,38.38666666666666,28.66
2020-06-13,258.8,0.0,0.0,0.0,30.7,0.20701416938432612,27.6,"Rain, Partially cloudy",298.59933333333333,36.806666666666665,28.986666666666668
2020-06-14,326.41,0.0,0.0,0.0,32.7,0.0,20.2,Clear,300.24666666666667,33.28666666666667,29.366666666666667
2020-06-15,350.09,0.0,0.0,0.3363888888888889,33.4,0.0,5.0,Clear,303.18,29.080000000000002,29.913333333333334
2020-06-16,339.11,0.0,0.0,0.0,33.0,0.0,4.1,Clear,301.0466666666666,27.346666666666668,30.293333333333333
2020-06-17,343.8,0.0,0.0,0.0,33.0,0.0,2.0,Clear,308.0133333333333,25.066666666666666,30.673333333333332
2020-06-18,326.91,0.0,0.0,0.0,34.0,0.0,1.5,Clear,306.49399999999997,22.020000000000003,31.046666666666667
2020-06-19,294.69,0.0,0.0,0.0,32.8,2.3978952727983707,37.7,"Rain, Partially cloudy",306.62,20.273333333333333,31.319999999999997
2020-06-20,306.81,0.0,0.0,0.0,32.0,2.3978952727983707,31.1,"Rain, Partially cloudy",306.66066666666666,19.046666666666667,31.639999999999997
2020-06-21,263.3,0.0,0.0,0.0,31.1,2.3978952727983707,24.0,Rain,304.1006666666667,18.453333333333333,31.813333333333333
2020-06-22,322.8,0.0,0.0,0.0,29.9,1.451613827240533,48.5,"Rain, Partially cloudy",310.854,17.953333333333333,32.086666666666666
2020-06-23,320.5,0.0,0.0,0.0,32.3,0.0,21.0,Clear,311.8813333333333,18.326666666666664,32.26
2020-06-24,285.2,0.0,0.0,0.0,30.3,2.3978952727983707,44.6,"Rain, Partially cloudy",309.154,21.279999999999998,32.16
2020-06-25,204.59,0.0,0.0,0.0,30.4,0.5306282510621704,40.3,"Rain, Partially cloudy",305.434,22.380000000000003,32.093333333333334
2020-06-26,274.2,0.0,0.0,0.0,31.2,0.0,45.0,Partially cloudy,301.34000000000003,24.853333333333335,31.993333333333332
2020-06-27,318.41,0.0,0.0,0.0,33.2,0.0,36.1,Partially cloudy,302.37466666666666,25.913333333333334,32.0
2020-06-28,331.09,0.0,0.0,0.0,34.9,0.0,28.1,Partially cloudy,307.194,25.94666666666667,32.28
2020-06-29,300.41,0.0,0.0,0.0,31.8,2.3978952727983707,24.2,Rain,305.46066666666667,26.213333333333335,32.220000000000006
2020-06-30,314.3,0.0,0.0,0.0,31.7,0.0,37.6,Partially cloudy,303.0746666666667,28.386666666666667,32.10666666666667
2020-07-01,325.8,0.0,0.0,0.0,33.3,0.0,24.9,Clear,302.18733333333336,29.773333333333333,32.126666666666665
2020-07-02,288.2,0.0025,0.0,0.0,33.6,0.1823215567939546,39.6,"Rain, Partially cloudy",298.48066666666665,32.279999999999994,32.166666666666664
2020-07-03,309.89,0.0022222222222222,0.0,0.0,34.8,0.0,24.5,Clear,297.346,33.81333333333333,32.21999999999999
2020-07-04,316.91,0.0,0.0,0.0,31.1,2.3978952727983707,31.5,"Rain, Partially cloudy",298.82733333333334,33.4,32.10666666666666
2020-07-05,308.59,0.0038888888888888,0.0,0.0,29.1,2.3978952727983707,50.1,"Rain, Partially cloudy",298.946,34.66666666666667,31.913333333333334
2020-07-06,333.41,0.0,0.0,0.0,31.6,1.0986122886681098,40.3,"Rain, Partially cloudy",303.62,35.75333333333334,31.946666666666665
2020-07-07,336.7,0.0,0.0,0.0,31.2,2.3978952727983707,56.0,"Rain, Partially cloudy",304.5466666666667,36.25333333333333,32.03333333333333
2020-07-08,78.0,0.0,0.0,0.0,28.4,2.3978952727983707,87.0,"Rain, Overcast",288.38,40.65333333333333,31.77333333333333
2020-07-09,328.59,0.0,0.0,0.0,31.5,2.3456445824544927,47.8,"Rain, Partially cloudy",291.2726666666667,40.86666666666667,31.853333333333335
2020-07-10,338.7,0.0,0.0,0.0,32.1,2.3978952727983707,41.9,"Rain, Partially cloudy",300.2133333333333,40.973333333333336,31.96666666666667
2020-07-11,196.8,0.0,0.0,0.0,29.0,2.3978952727983707,57.3,"Rain, Partially cloudy",295.05333333333334,41.79333333333334,31.820000000000004
2020-07-12,104.0,0.0058333333333333,0.0,0.0,26.6,2.3978952727983707,84.6,"Rain, Overcast",280.7593333333333,45.02666666666667,31.38
2020-07-13,372.8,0.0,0.0,0.0,29.3,0.0,39.3,Partially cloudy,283.54,45.77333333333333,31.006666666666664
2020-07-14,345.41,0.0,0.0,0.0,32.0,0.0,13.5,Clear,286.54,45.06,31.019999999999996
2020-07-15,313.5,0.0,0.0,0.0,30.2,2.3978952727983707,38.2,"Rain, Partially cloudy",286.4866666666667,45.099999999999994,30.919999999999998
2020-07-16,331.2,0.0019444444444444,0.0,0.0,31.1,0.1823215567939546,37.8,"Rain, Partially cloudy",286.84666666666664,45.96000000000001,30.773333333333333
2020-07-17,320.59,0.0,0.0,0.0,31.5,2.152924318439639,49.8,"Rain, Partially cloudy",289.00600000000003,46.64,30.633333333333333
2020-07-18,198.61,0.0,0.0,0.0,30.5,2.3978952727983707,65.2,"Rain, Partially cloudy",281.58733333333333,49.35333333333333,30.34666666666667
2020-07-19,276.69,0.0,0.0,0.0,30.9,0.6931471805599453,66.6,"Rain, Partially cloudy",278.906,51.69333333333332,30.333333333333336
2020-07-20,256.61,0.0,0.0,0.0,29.3,1.1052568313867783,78.6,"Rain, Overcast",275.44066666666663,53.59333333333333,30.346666666666668
2020-07-21,129.59,0.0,0.0,0.7575000000000001,25.3,2.3978952727983707,87.3,"Rain, Overcast",261.85266666666666,56.726666666666674,29.926666666666666
2020-07-22,115.91,0.0019444444444444,0.0,0.0,26.7,0.0,69.8,Partially cloudy,247.13333333333333,57.646666666666675,29.626666666666665
2020-07-23,332.41,0.0,0.0,0.0,29.8,0.0,41.6,Partially cloudy,264.094,54.62,29.720000000000002
2020-07-24,308.59,0.0019444444444444,0.0,0.0,31.3,2.3978952727983707,49.4,"Rain, Partially cloudy",262.7606666666667,54.72666666666667,29.70666666666667
2020-07-25,290.0,0.0,0.0,0.0,31.3,1.9459101490553132,61.9,"Rain, Partially cloudy",259.514,56.059999999999995,29.653333333333332
2020-07-26,313.5,0.0,0.0,0.0841666666666666,31.3,2.3978952727983707,56.6,"Rain, Partially cloudy",267.294,56.01333333333333,29.806666666666665
2020-07-27,326.0,0.0041666666666666,0.0,0.0,32.4,0.0,44.6,Partially cloudy,282.094,53.346666666666664,30.19333333333333
2020-07-28,337.5,0.0,0.0,0.0,32.5,0.0,52.5,Partially cloudy,279.74066666666664,54.22666666666666,30.406666666666666
2020-07-29,208.91,0.0,0.0,0.0,30.0,2.3978952727983707,83.8,"Rain, Overcast",270.6406666666666,58.91333333333333,30.273333333333333
2020-07-30,165.59,0.0,0.0,0.0,27.8,2.3978952727983707,74.8,"Rain, Partially cloudy",260.78,61.353333333333325,30.113333333333333
2020-07-31,304.41,0.0063888888888888,0.0,0.0,29.8,1.7850704810772584,66.2,"Rain, Partially cloudy",258.99399999999997,63.246666666666655,30.026666666666667
2020-08-01,103.09,0.0022222222222222,0.0,0.0,27.7,2.3978952727983707,61.2,"Rain, Partially cloudy",244.49400000000003,64.00666666666666,29.773333333333333
2020-08-02,310.3,0.0041666666666666,0.0,0.0,30.6,0.3364722366212129,47.0,"Rain, Partially cloudy",251.94,62.79333333333332,29.78
2020-08-03,293.2,0.0,0.0,0.0,32.1,0.0,47.4,Partially cloudy,253.04066666666665,61.51333333333333,29.860000000000003
2020-08-04,261.8,0.0,0.0,0.0,30.9,2.3683728335320486,53.7,"Rain, Partially cloudy",253.38666666666666,59.853333333333325,29.966666666666665
2020-08-05,258.5,0.0,0.0,0.0,31.5,1.715598108262491,60.0,"Rain, Partially cloudy",261.98066666666665,58.033333333333324,30.38
2020-08-06,331.2,0.0,0.0,0.0,33.1,1.0986122886681098,78.3,"Rain, Overcast",276.3333333333333,58.599999999999994,30.806666666666665
2020-08-07,361.61,0.0,0.0,0.0,31.9,1.9740810260220096,66.4,"Rain, Partially cloudy",278.28,60.25333333333334,30.94666666666667
2020-08-08,334.3,0.0041666666666666,0.0,0.0841666666666666,32.7,2.3978952727983707,58.8,"Rain, Partially cloudy",279.994,60.88,31.04
2020-08-09,206.7,0.0,0.0,0.0,31.0,2.3978952727983707,74.7,"Rain, Partially cloudy",274.44066666666663,61.733333333333334,31.02
2020-08-10,153.39,0.0,0.0,1.9177777777777776,30.0,2.3978952727983707,90.3,"Rain, Overcast",263.76666666666665,63.980000000000004,30.933333333333334
2020-08-11,205.5,0.0041666666666666,0.0,0.0,30.9,2.3978952727983707,64.7,"Rain, Partially cloudy",255.73333333333332,65.32,30.83333333333333
2020-08-12,255.0,0.0,0.0,0.0,30.0,2.3978952727983707,74.9,"Rain, Partially cloudy",250.23333333333335,66.81333333333333,30.666666666666664
2020-08-13,194.8,0.0,0.0,0.0,28.2,2.3978952727983707,84.7,"Rain, Overcast",249.29266666666666,66.87333333333333,30.546666666666663
2020-08-14,273.41,0.0,0.0,0.0,31.0,0.0,57.8,Partially cloudy,256.4806666666667,65.74000000000001,30.759999999999998
2020-08-15,335.8,0.0,0.0,0.0,31.0,0.0,50.4,Partially cloudy,258.5733333333334,64.68666666666667,30.84
2020-08-16,248.11,0.0044444444444444,0.0,0.0,30.4,2.151762203259462,66.7,"Rain, Partially cloudy",268.24133333333333,65.05333333333333,31.02
2020-08-17,228.39,0.0,0.0,0.0,29.7,2.3978952727983707,72.6,"Rain, Partially cloudy",262.78066666666666,66.75999999999999,30.960000000000004
2020-08-18,259.61,0.0,0.0,0.0,30.6,2.3978952727983707,70.5,"Rain, Partially cloudy",260.54133333333334,68.3,30.86
2020-08-19,89.69,0.0019444444444444,0.0,0.0,27.6,2.3978952727983707,78.2,"Rain, Overcast",249.06733333333332,69.93333333333334,30.64
2020-08-20,264.61,0.0,0.0,0.0,27.8,0.8544153281560676,79.0,"Rain, Overcast",249.47466666666668,71.2,30.39333333333333
2020-08-21,154.2,0.0,0.0,0.0,27.1,2.3978952727983707,86.5,"Rain, Overcast",237.6746666666667,71.74666666666667,29.993333333333332
2020-08-22,240.3,0.0,0.0,0.0,29.4,2.3978952727983707,75.2,"Rain, Overcast",229.58733333333333,72.33333333333334,29.826666666666668
2020-08-23,287.0,0.0,0.0,0.0,29.7,2.3978952727983707,60.5,"Rain, Partially cloudy",226.434,72.44666666666666,29.626666666666672
2020-08-24,299.7,0.0,0.0,0.0,29.6,1.791759469228055,51.5,"Rain, Partially cloudy",232.63400000000001,70.9,29.53333333333333
2020-08-25,319.59,0.0,0.0,0.0,29.7,2.3978952727983707,48.5,"Rain, Partially cloudy",243.714,68.11333333333333,29.513333333333332
2020-08-26,256.09,0.0,0.0,0.0,29.7,1.0986122886681098,58.8,"Rain, Partially cloudy",247.08666666666667,67.72,29.433333333333334
2020-08-27,287.31,0.0,0.0,0.0,27.9,2.3978952727983707,76.5,"Rain, Overcast",249.24066666666667,67.82666666666667,29.29333333333333
2020-08-28,248.39,0.0,0.0,0.0,29.0,2.3978952727983707,74.7,"Rain, Partially cloudy",252.81333333333333,67.16,29.346666666666664
2020-08-29,261.8,0.0,0.0,0.0,29.9,0.0,48.6,Partially cloudy,252.03933333333336,66.54666666666667,29.273333333333333
2020-08-30,248.5,0.0022222222222222,0.0,0.0,29.6,2.3978952727983707,71.0,"Rain, Partially cloudy",246.21933333333334,67.92,29.18
2020-08-31,262.2,0.0,0.0,0.0,29.7,2.3978952727983707,52.3,"Rain, Partially cloudy",247.15866666666665,66.96000000000001,29.133333333333333
2020-09-01,234.2,0.0,0.0,0.0,29.9,0.0,54.8,Partially cloudy,247.546,65.77333333333334,29.14666666666667
2020-09-02,295.5,0.0,0.0,0.0,30.6,0.0,54.5,Partially cloudy,249.93866666666665,64.70666666666668,29.146666666666665
2020-09-03,230.7,0.0,0.0,0.0,29.7,2.3978952727983707,71.0,"Rain, Partially cloudy",259.33933333333334,64.22666666666666,29.286666666666665
2020-09-04,219.0,0.0,0.0,1.982777777777778,30.2,0.6931471805599453,53.5,"Rain, Partially cloudy",256.29866666666663,62.52666666666667,29.446666666666665
2020-09-05,125.2,0.0,0.0,0.0,29.1,0.2151113796169455,64.6,"Rain, Partially cloudy",254.3653333333333,61.06666666666667,29.58
2020-09-06,293.3,0.0,0.0,0.0,29.3,2.0215475632609334,73.9,"Rain, Partially cloudy",257.89866666666666,60.980000000000004,29.57333333333333
2020-09-07,310.5,0.0041666666666666,0.0,0.0,30.4,2.3978952727983707,38.9,"Rain, Partially cloudy",259.4653333333333,59.54,29.62
2020-09-08,339.5,0.0,0.0,0.0,29.4,0.0,30.9,Partially cloudy,262.1186666666666,58.16666666666667,29.606666666666666
2020-09-09,331.2,0.0,0.0,0.0,30.4,0.0,13.8,Clear,262.8926666666666,55.85333333333334,29.653333333333336
2020-09-10,316.3,0.0,0.0,0.0,30.7,0.0,16.3,Clear,266.90666666666664,53.02,29.720000000000002
2020-09-11,279.59,0.0,0.0,0.0,30.3,0.0,15.9,Clear,266.392,48.98,29.880000000000003
2020-09-12,326.3,0.0,0.0,0.0,31.6,0.0,23.2,Clear,271.586,45.546666666666674,30.053333333333335
2020-09-13,300.11,0.0,0.0,0.0,30.9,0.0,38.9,Partially cloudy,274.14,44.900000000000006,30.119999999999997
2020-09-14,318.2,0.0,0.0,0.0,30.8,0.0,31.5,Partially cloudy,278.78666666666663,42.266666666666666,30.199999999999996
2020-09-15,283.09,0.0,0.0,0.0,31.1,0.0,35.7,Partially cloudy,280.17933333333326,41.16,30.29333333333333
2020-09-16,318.91,0.0,0.0,0.0,32.2,0.0,50.4,Partially cloudy,285.82666666666665,40.86666666666667,30.44666666666667
2020-09-17,325.8,0.0,0.0,0.0,31.5,0.0,22.9,Clear,287.8466666666667,38.76,30.50666666666667
2020-09-18,327.8,0.0,0.0,0.0,31.6,0.0,18.3,Clear,294.32000000000005,35.24666666666666,30.633333333333336
2020-09-19,306.5,0.0,0.0,0.0,30.9,0.0,33.1,Partially cloudy,300.15333333333336,33.88666666666666,30.68
2020-09-20,314.7,0.0,0.0,0.0,31.1,0.0,23.7,Clear,312.7866666666667,31.159999999999997,30.81333333333333
2020-09-21,316.5,0.0,0.0,0.0,31.5,0.0,15.3,Clear,314.33333333333337,27.25333333333333,30.96
2020-09-22,214.59,0.0019444444444444,0.0,0.0,31.2,0.0,31.3,Partially cloudy,307.93933333333337,26.746666666666666,31.013333333333332
2020-09-23,223.3,0.0,0.0,0.0,30.1,1.252762968495368,45.1,"Rain, Partially cloudy",300.19266666666664,27.693333333333335,31.060000000000002
2020-09-24,250.91,0.0022222222222222,0.0,0.0,28.7,2.3978952727983707,44.1,"Rain, Partially cloudy",294.84,29.713333333333335,30.94666666666667
2020-09-25,272.8,0.0,0.0,2.5025,29.5,0.0,29.8,Partially cloudy,291.94,30.613333333333337,30.86666666666667
2020-09-26,225.91,0.0,0.0,0.0,29.3,0.0,36.3,Partially cloudy,288.36133333333333,31.973333333333336,30.8
2020-09-27,324.3,0.0,0.0,0.5888888888888889,28.8,0.0,0.1,Clear,288.228,30.433333333333337,30.613333333333333
2020-09-28,307.7,0.0,0.0,0.0,28.6,0.0,0.0,Clear,288.734,27.84,30.46
2020-09-29,316.39,0.0019444444444444,0.0,0.0,28.1,0.0,3.3,Clear,288.61333333333334,25.96,30.28
2020-09-30,325.0,0.0,0.0,0.0,28.0,0.0,0.0,Clear,291.4073333333333,23.58,30.073333333333334
2020-10-01,297.31,0.0,0.0,0.0,28.7,0.0,0.0,Clear,289.9673333333334,20.22,29.840000000000003
2020-10-02,312.5,0.0,0.0,0.0,27.9,0.0,0.0,Clear,289.0806666666666,18.693333333333335,29.6
2020-10-03,322.8,0.0,0.0,0.0,28.0,0.0,0.0,Clear,288.7473333333333,17.473333333333336,29.36
2020-10-04,331.39,0.0,0.0,0.0,27.8,0.0,0.0,Clear,290.4066666666667,15.266666666666667,29.153333333333332
2020-10-05,337.5,0.0,0.0,0.0,27.7,0.0,0.0,Clear,291.9266666666667,13.686666666666667,28.926666666666666
2020-10-06,332.31,0.0,0.0,0.0838888888888888,27.6,0.0,0.0,Clear,292.98066666666665,12.666666666666668,28.666666666666664
2020-10-07,311.89,0.0,0.0,0.0,27.6,0.0,0.0,Clear,299.46733333333333,10.579999999999998,28.426666666666666
2020-10-08,284.91,0.0,0.0,0.5891666666666667,27.5,0.0,0.0,Clear,303.5746666666667,7.573333333333332,28.253333333333334
2020-10-09,275.3,0.0,0.0,0.3372222222222222,27.7,0.0,0.0,Clear,305.2006666666667,4.633333333333333,28.186666666666664
2020-10-10,280.5,0.0,0.0,0.0841666666666666,27.9,0.0,0.0,Clear,305.714,2.6466666666666665,28.08
2020-10-11,295.09,0.0,0.0,0.0841666666666666,27.4,0.0,0.0,Clear,310.32599999999996,0.22666666666666663,27.953333333333333
2020-10-12,267.7,0.0,0.0,2.013055555555556,27.1,0.0,0.0,Clear,306.55266666666665,0.21999999999999997,27.840000000000003
2020-10-13,171.41,0.0,0.0,0.0,27.9,0.0,9.3,Clear,297.4666666666667,0.84,27.793333333333337
2020-10-14,260.3,0.0,0.0,0.0838888888888888,27.7,0.0,6.3,Clear,293.7273333333334,1.04,27.766666666666666
2020-10-15,309.0,0.0,0.0,0.0,26.3,0.0,5.0,Clear,292.6606666666667,1.3733333333333333,27.653333333333332
2020-10-16,281.5,0.0019444444444444,0.0,0.0,23.1,0.0,0.0,Clear,291.6066666666666,1.3733333333333333,27.28
2020-10-17,271.91,0.0,0.0,0.0,25.0,0.0,0.0,Clear,288.90066666666667,1.3733333333333333,27.086666666666666
2020-10-18,315.09,0.0,0.0,0.0841666666666666,25.5,0.0,0.0,Clear,288.38666666666666,1.3733333333333333,26.919999999999998
2020-10-19,315.09,0.0,0.0,0.1686111111111111,24.1,0.0,0.0,Clear,287.29999999999995,1.3733333333333333,26.673333333333332
2020-10-20,302.11,0.0,0.0,1.853055555555556,23.6,0.0,0.0,Clear,284.9406666666667,1.3733333333333333,26.4
2020-10-21,285.8,0.0,0.0,0.0,23.0,0.0,8.4,Clear,281.84000000000003,1.9333333333333333,26.093333333333334
2020-10-22,241.3,0.0,0.0,0.3366666666666666,23.3,0.0,18.7,Clear,277.134,3.18,25.806666666666672
2020-10-23,249.5,0.0,0.0,0.59,22.3,0.0,0.0,Clear,274.7733333333333,3.18,25.460000000000008
2020-10-24,199.8,0.0019444444444444,0.0,0.6747222222222222,23.7,0.0,0.0,Clear,269.74,3.18,25.193333333333335
2020-10-25,251.61,0.0038888888888888,0.0,0.3366666666666666,24.8,0.0,1.5,Clear,267.814,3.28,24.986666666666665
2020-10-26,195.2,0.0,0.0,0.1683333333333333,23.6,0.0,8.2,Clear,261.1546666666667,3.826666666666666,24.73333333333333
2020-10-27,272.09,0.0077777777777777,0.0,0.0838888888888888,22.9,0.0,0.0,Clear,261.44733333333335,3.826666666666666,24.453333333333333
2020-10-28,259.41,0.0019444444444444,0.0,0.0841666666666666,22.3,0.0,0.0,Clear,267.31399999999996,3.206666666666666,24.080000000000002
2020-10-29,222.09,0.0,0.0,0.0841666666666666,21.3,0.0,0.0,Clear,264.76666666666665,2.7866666666666666,23.653333333333336
2020-10-30,221.09,0.0019444444444444,0.0,2.158055555555556,21.0,0.0,0.0,Clear,258.906,2.453333333333333,23.3
2020-10-31,259.0,0.0038888888888888,0.0,2.440555555555556,22.1,0.0,5.5,Clear,257.406,2.82,23.23333333333333
2020-11-01,233.61,0.0,0.0,0.0,21.7,0.0,0.0,Clear,254.85266666666666,2.82,23.013333333333332
2020-11-02,227.7,0.0,0.0,0.0,18.7,0.0,0.0,Clear,249.02666666666667,2.82,22.56
2020-11-03,203.39,0.0022222222222222,0.0,0.0,18.8,0.0,0.0,Clear,241.58,2.82,22.206666666666667
2020-11-04,197.11,0.0,0.0,0.0,19.9,0.0,0.0,Clear,234.58,2.82,21.96
2020-11-05,229.8,0.0,0.0,0.0,20.6,0.0,0.0,Clear,230.84666666666666,2.26,21.800000000000004
2020-11-06,236.39,0.0,0.0,0.0,20.9,0.0,0.0,Clear,230.51933333333332,1.0133333333333332,21.640000000000004
2020-11-07,401.19,0.0,0.0,0.6794444444444444,20.0,0.0,0.0,Clear,240.632,1.0133333333333332,21.486666666666668
2020-11-08,195.8,0.0,0.0,0.0,18.6,0.0,0.0,Clear,240.36533333333335,1.0133333333333332,21.146666666666665
2020-11-09,214.7,0.0,0.0,0.0838888888888888,18.9,0.0,0.0,Clear,237.90466666666669,0.9133333333333333,20.75333333333333
2020-11-10,241.91,0.0,0.0,0.0,18.9,0.0,1.7,Clear,241.01866666666666,0.48,20.44
2020-11-11,210.3,0.0,0.0,2.7647222222222223,18.7,0.0,0.0,Clear,236.89933333333332,0.48,20.16
2020-11-12,184.0,0.0,0.0,3.3374999999999995,18.7,0.0,0.6,Clear,231.87199999999999,0.52,19.919999999999998
2020-11-13,191.0,0.0,0.0,0.0838888888888888,18.2,0.0,0.0,Clear,229.79933333333335,0.52,19.713333333333335
2020-11-14,168.41,0.0,0.0,0.0,17.7,0.0,1.3,Clear,226.28733333333332,0.6066666666666667,19.493333333333336
2020-11-15,146.3,0.0019444444444444,0.0,0.0841666666666666,19.4,0.9707789171582246,58.5,"Rain, Partially cloudy",218.77399999999997,4.14,19.313333333333333
2020-11-16,74.59,0.0,0.0,0.0841666666666666,18.0,2.3978952727983707,63.3,"Rain, Partially cloudy",208.17266666666666,8.36,19.066666666666666
2020-11-17,265.5,0.0,0.0,0.5891666666666666,17.7,0.0,0.1,Clear,210.69266666666664,8.366666666666665,19.0
2020-11-18,271.61,0.0,0.0,0.0,16.7,0.0,0.0,Clear,215.24066666666667,8.366666666666665,18.86
2020-11-19,227.3,0.0022222222222222,0.0,0.0,15.2,0.0,0.1,Clear,217.25333333333333,8.373333333333331,18.546666666666663
2020-11-20,273.2,0.0,0.0,2.6933333333333334,15.8,0.0,0.0,Clear,220.14666666666668,8.373333333333333,18.226666666666663
2020-11-21,302.3,0.0022222222222222,0.0,0.0,14.9,0.0,5.0,Clear,224.54066666666668,8.706666666666667,17.826666666666664
2020-11-22,243.39,0.0,0.0,0.0,15.1,0.0,42.0,Partially cloudy,214.02066666666667,11.506666666666668,17.5
2020-11-23,140.41,0.0,0.0,0.0,15.2,0.0,47.1,Partially cloudy,210.32800000000003,14.646666666666668,17.27333333333333
2020-11-24,116.0,0.0,0.0,0.0,16.0,0.0,58.9,Partially cloudy,203.748,18.573333333333334,17.08
2020-11-25,27.91,0.0,0.0,0.0,15.1,0.5247285289349821,76.5,"Rain, Overcast",189.4813333333333,23.560000000000002,16.826666666666664
2020-11-26,213.0,0.0,0.0,0.0,16.1,2.124653884501384,53.7,"Rain, Partially cloudy",189.66133333333332,27.140000000000004,16.653333333333332
2020-11-27,288.69,0.0,0.0,0.0,16.6,0.0,0.0,Clear,196.64066666666668,27.100000000000005,16.513333333333332
2020-11-28,270.0,0.0,0.0,0.0,16.4,0.0,0.1,Clear,201.90733333333333,27.10666666666667,16.393333333333334
2020-11-29,227.41,0.0,0.0,0.0,15.0,0.0,9.1,Clear,205.84066666666664,27.626666666666665,16.21333333333333
2020-11-30,243.5,0.0,0.0,0.0,15.3,0.0,0.1,Clear,212.32066666666663,23.73333333333333,15.94
2020-12-01,227.7,0.0,0.0,0.0,15.7,0.0,0.0,Clear,222.528,19.513333333333332,15.786666666666665
2020-12-02,228.89,0.0,0.0,0.0,16.2,0.0,0.0,Clear,220.08733333333333,19.506666666666668,15.686666666666666
2020-12-03,207.61,0.0,0.0,0.0841666666666666,15.9,0.0,0.0,Clear,215.82066666666665,19.506666666666668,15.633333333333333
2020-12-04,161.89,0.0,0.0,0.0841666666666666,16.0,0.0,13.5,Clear,211.45999999999998,20.4,15.686666666666666
2020-12-05,153.7,0.0,0.0,0.0,17.8,0.0,25.7,Partially cloudy,203.49333333333334,22.113333333333333,15.82
2020-12-06,179.11,0.0,0.0,0.0841666666666666,18.0,0.0,0.8,Clear,195.28066666666666,21.833333333333332,16.026666666666667
2020-12-07,197.89,0.0,0.0,1.346666666666667,17.9,0.0,0.2,Clear,192.24733333333333,19.046666666666667,16.21333333333333
2020-12-08,214.61,0.0,0.0,0.0841666666666666,17.1,0.0,10.1,Clear,197.194,16.58,16.34
2020-12-09,200.3,0.0,0.0,0.0841666666666666,17.4,0.0,27.9,Partially cloudy,202.814,14.513333333333334,16.433333333333334
2020-12-10,213.2,0.0,0.0,0.0,17.8,0.0,0.4,Clear,215.16666666666666,9.440000000000001,16.613333333333333
2020-12-11,222.19,0.0,0.0,0.0,18.0,0.0,28.6,Partially cloudy,215.77933333333334,7.766666666666667,16.74
2020-12-12,183.41,0.0,0.0,0.0,16.9,2.3978952727983707,62.9,"Rain, Partially cloudy",208.76066666666668,11.96,16.759999999999998
2020-12-13,70.41,0.0,0.0,0.0,12.0,0.0,12.9,Clear,195.45466666666664,12.813333333333333,16.466666666666665
2020-12-14,37.5,0.0,0.0,0.0,11.1,0.0,0.8,Clear,182.79399999999998,12.259999999999998,16.206666666666667
2020-12-15,212.69,0.0,0.0,0.0,11.7,0.0,7.8,Clear,180.74,12.773333333333332,15.966666666666665
2020-12-16,131.31,0.0058333333333333,0.0,0.0,8.7,0.0,0.5,Clear,174.31400000000002,12.806666666666665,15.499999999999998
2020-12-17,201.3,0.0,0.0,0.0,9.2,0.0,6.6,Clear,172.47466666666665,13.246666666666666,15.033333333333335
2020-12-18,262.7,0.0,0.0,0.0,9.1,0.0,3.6,Clear,176.1473333333333,13.486666666666666,14.580000000000002
2020-12-19,162.59,0.0,0.0,3.0719444444444446,11.1,0.0,3.5,Clear,176.194,12.819999999999999,14.253333333333334
2020-12-20,250.8,0.0,0.0,0.0,12.0,0.0,11.5,Clear,182.66733333333335,11.873333333333333,13.866666666666667
2020-12-21,215.2,0.0,0.0,0.0,11.7,0.0,19.7,Clear,185.07333333333332,13.133333333333333,13.446666666666665
2020-12-22,201.8,0.0,0.0,0.0,11.3,0.0,0.7,Clear,185.334,13.166666666666666,13.006666666666666
2020-12-23,204.8,0.0066666666666666,0.0,0.0,11.7,0.0,0.0,Clear,184.68,12.493333333333332,12.646666666666665
2020-12-24,204.31,0.0,0.0,0.0,12.0,0.0,0.0,Clear,184.94733333333335,10.633333333333333,12.286666666666667
2020-12-25,196.5,0.0,0.0,0.0,10.8,0.0,11.3,Clear,183.83399999999997,11.360000000000001,11.82
2020-12-26,130.09,0.0,0.0,0.0,9.3,0.0,5.2,Clear,177.69399999999996,9.799999999999999,11.239999999999998
2020-12-27,153.59,0.0,0.0,4.319166666666667,10.2,1.7984040119467235,27.1,"Rain, Partially cloudy",175.706,7.413333333333332,10.793333333333333
2020-12-28,247.41,0.0019444444444444,0.0,0.0,9.3,2.3978952727983707,9.5,Rain,187.50599999999997,7.186666666666667,10.61333333333333
2020-12-29,209.91,0.0,0.0,0.0,8.5,0.0,0.0,Clear,199.0,7.133333333333334,10.439999999999998
2020-12-30,97.8,0.0066666666666666,0.0,0.0,8.4,0.0,0.2,Clear,191.3406666666667,6.626666666666668,10.219999999999999
2020-12-31,137.8,0.0,0.0,0.0,8.7,0.0,18.1,Clear,191.77333333333337,7.800000000000001,10.22
2021-01-01,73.59,0.0,0.0,0.0841666666666666,7.1,0.0,0.2,Clear,183.25933333333336,7.373333333333334,10.08
2021-01-02,47.91,0.0,0.0,0.4211111111111111,10.9,1.62924053973028,37.7,"Rain, Partially cloudy",168.94,9.646666666666667,10.200000000000001
2021-01-03,119.09,0.0,0.0,1.0958333333333337,15.2,2.379546134130174,32.8,"Rain, Partially cloudy",166.04000000000002,11.6,10.473333333333334
2021-01-04,185.61,0.0,0.0,0.0,17.5,0.0,58.4,Partially cloudy,161.694,14.726666666666665,10.84
2021-01-05,37.59,0.0,0.0,0.1688888888888888,16.3,2.3978952727983707,91.3,"Rain, Overcast",149.85333333333332,19.5,11.146666666666665
2021-01-06,124.41,0.0066666666666666,0.0,0.0,16.7,2.281361456542419,61.9,"Rain, Partially cloudy",144.69400000000002,23.58,11.506666666666664
2021-01-07,31.59,0.0,0.0,0.0,13.8,0.0,1.0,Clear,133.14666666666668,23.646666666666665,11.646666666666665
2021-01-08,195.91,0.0,0.0,0.7597222222222222,13.1,0.0,19.2,Clear,132.58666666666667,24.926666666666666,11.719999999999999
2021-01-09,146.5,0.0,0.0,2.6958333333333333,13.0,0.0,7.4,Clear,129.25333333333333,24.666666666666668,11.866666666666667
2021-01-10,192.0,0.0,0.0,0.1683333333333333,10.4,0.0,1.0,Clear,133.38066666666668,24.386666666666667,11.940000000000001
2021-01-11,177.5,0.0,0.0,0.0,10.5,0.0,0.3,Clear,134.97466666666668,22.599999999999998,11.959999999999999
2021-01-12,138.89,0.0,0.0,0.6752777777777779,9.5,0.0,0.1,Clear,127.73999999999998,21.973333333333333,11.973333333333331
2021-01-13,152.31,0.0,0.0,0.1683333333333333,9.9,0.0,3.8,Clear,123.89999999999998,22.226666666666667,12.066666666666666
2021-01-14,68.09,0.0,0.0,0.0852777777777777,8.6,0.0,10.3,Clear,121.91933333333331,22.900000000000002,12.08
2021-01-15,137.41,0.0022222222222222,0.0,0.0841666666666666,9.8,0.0,0.1,Clear,121.89333333333333,21.7,12.153333333333334
2021-01-16,49.59,0.0,0.0,0.5052777777777778,8.9,0.0,0.0,Clear,120.29333333333334,21.686666666666667,12.273333333333335
2021-01-17,171.8,0.0,0.0,0.0,11.5,0.0,0.8,Clear,128.55266666666668,19.226666666666667,12.313333333333336
2021-01-18,182.11,0.0,0.0,0.0,13.8,0.0,8.8,Clear,132.754,17.626666666666665,12.220000000000002
2021-01-19,221.39,0.0,0.0,1.9394444444444443,14.1,0.0,0.0,Clear,135.13933333333333,13.73333333333333,11.993333333333334
2021-01-20,234.2,0.0,0.0,0.2538888888888889,13.4,0.0,3.6,Clear,148.24666666666667,7.886666666666668,11.799999999999999
2021-01-21,260.2,0.0,0.0,0.59,12.6,0.0,0.0,Clear,157.29933333333332,3.7600000000000007,11.526666666666666
2021-01-22,110.8,0.0,0.0,0.0,11.6,0.0,17.7,Clear,162.57999999999998,4.873333333333334,11.379999999999999
2021-01-23,188.91,0.0,0.0,0.0,14.2,0.5306282510621704,14.6,Rain,162.11333333333332,4.566666666666666,11.453333333333333
2021-01-24,51.5,0.0,0.0,0.0,11.5,0.0,0.9,Clear,155.77999999999997,4.133333333333333,11.353333333333335
2021-01-25,220.69,0.0,0.0,0.0,12.6,0.0,0.0,Clear,157.69266666666667,4.066666666666666,11.5
2021-01-26,254.41,0.0,0.0,0.0841666666666666,11.5,0.0,0.0,Clear,162.82,4.046666666666667,11.566666666666668
2021-01-27,305.59,0.0,0.0,0.0844444444444444,13.0,0.0,0.0,Clear,173.93333333333334,4.04,11.8
2021-01-28,195.11,0.0,0.0,0.0,9.4,0.0,0.0,Clear,176.78666666666666,3.7866666666666666,11.766666666666667
2021-01-29,239.2,0.0,0.0,0.0841666666666666,10.4,0.0,0.0,Clear,188.19399999999996,3.1,11.886666666666667
2021-01-30,277.69,0.0022222222222222,0.0,0.0,12.5,0.0,18.7,Clear,197.54599999999996,4.340000000000001,12.066666666666666
2021-01-31,251.7,0.0,0.0,8.097777777777777,12.5,0.0,3.0,Clear,211.01999999999998,4.540000000000001,12.306666666666667
2021-02-01,273.7,0.0,0.0,0.0,13.6,0.0,3.4,Clear,217.81333333333333,4.713333333333334,12.446666666666669
2021-02-02,105.2,0.0,0.0,0.0841666666666666,14.2,0.0,11.1,Clear,212.686,4.866666666666667,12.473333333333333
2021-02-03,221.3,0.0,0.0,0.0,16.3,0.0,37.1,Partially cloudy,212.68,7.340000000000001,12.62
2021-02-04,90.3,0.0,0.0,0.0,12.9,2.3978952727983707,60.8,"Rain, Partially cloudy",203.08666666666667,11.153333333333332,12.586666666666666
2021-02-05,303.2,0.0,0.0,0.0,12.8,1.9459101490553132,1.9,Rain,205.95333333333332,11.28,12.6
2021-02-06,306.39,0.0,0.0,0.0,13.9,0.0,4.9,Clear,218.99266666666665,10.426666666666666,12.753333333333332
2021-02-07,220.31,0.0,0.0,0.0,14.9,0.0,0.0,Clear,221.08599999999998,9.453333333333333,12.8
2021-02-08,266.89,0.0,0.0,0.0,15.4,0.0,0.0,Clear,235.4453333333333,9.393333333333333,13.06
2021-02-09,197.61,0.0,0.0,0.0,14.8,0.0,9.6,Clear,233.90666666666664,10.033333333333331,13.206666666666667
2021-02-10,230.89,0.0,0.0,0.0,14.8,0.0,0.4,Clear,232.33866666666665,10.059999999999999,13.426666666666666
2021-02-11,214.7,0.0,0.0,0.0,10.4,0.0,0.0,Clear,226.27933333333328,10.059999999999999,13.253333333333332
2021-02-12,209.41,0.0,0.0,0.0,13.6,0.0,0.0,Clear,227.23266666666663,10.059999999999999,13.533333333333331
2021-02-13,258.89,0.0,0.0,0.0,18.1,0.0,11.3,Clear,228.54533333333333,10.813333333333333,14.046666666666667
2021-02-14,225.7,0.0,0.0,0.0,16.1,0.0,0.2,Clear,225.07933333333332,9.58,14.286666666666667
2021-02-15,230.8,0.0,0.0,0.0,18.5,0.0,35.7,Partially cloudy,223.68599999999998,11.760000000000002,14.686666666666666
2021-02-16,263.5,0.0,0.0,0.0844444444444444,18.3,0.47000362924573563,16.0,Rain,223.00599999999997,12.6,15.0
2021-02-17,270.41,0.0,0.0,0.0,17.7,0.0,2.8,Clear,234.01999999999998,12.046666666666667,15.233333333333334
2021-02-18,260.59,0.0,0.0,0.0,18.1,0.0,4.4,Clear,236.63933333333333,9.866666666666667,15.353333333333333
2021-02-19,221.2,0.0,0.0,0.8427777777777777,18.2,0.0,0.0,Clear,245.366,5.8133333333333335,15.706666666666665
2021-02-20,225.09,0.0,0.0,0.0,16.7,0.0,0.0,Clear,240.15866666666665,5.6866666666666665,15.966666666666667
2021-02-21,277.81,0.0022222222222222,0.0,0.0844444444444444,18.5,0.0,0.0,Clear,238.25333333333333,5.36,16.273333333333333
2021-02-22,273.59,0.0,0.0,0.0,20.6,0.0,10.9,Clear,241.80533333333332,6.086666666666667,16.653333333333332
2021-02-23,292.8,0.0,0.0,0.0,21.0,0.0,50.2,Partially cloudy,243.53266666666664,9.433333333333334,17.026666666666664
2021-02-24,314.8,0.0022222222222222,0.0,0.0,22.7,0.0,8.9,Clear,251.34533333333334,9.386666666666668,17.55333333333333
2021-02-25,320.41,0.0,0.0,0.0,23.3,0.0,4.8,Clear,257.31333333333333,9.680000000000001,18.120000000000005
2021-02-26,313.59,0.0,0.0,0.0,23.0,0.4054651081081644,17.6,Rain,263.906,10.853333333333335,18.960000000000004
2021-02-27,216.0,3.523888888888889,0.0,0.0,21.9,2.3978952727983707,30.6,"Rain, Partially cloudy",264.3453333333333,12.893333333333334,19.513333333333335
2021-02-28,368.5,0.0,0.0,0.0,19.0,0.0,3.7,Clear,271.6526666666667,12.386666666666668,19.573333333333334
2021-03-01,328.81,0.0019444444444444,0.0,0.0,19.1,0.0,4.8,Clear,278.52666666666664,12.693333333333335,19.773333333333333
2021-03-02,363.59,0.0,0.0,0.0847222222222222,19.8,0.0,0.0,Clear,287.3793333333333,10.313333333333333,19.86
2021-03-03,352.91,0.0,0.0,0.9269444444444446,20.8,0.0,0.0,Clear,293.34,9.246666666666666,20.026666666666667
2021-03-04,293.3,0.0019444444444444,0.0,0.0844444444444444,20.6,0.0,0.1,Clear,294.866,9.066666666666666,20.220000000000002
2021-03-05,340.2,0.0,0.0,0.0,21.3,0.0,0.0,Clear,300.17333333333335,8.773333333333333,20.433333333333334
2021-03-06,328.69,0.0,0.0,0.0841666666666666,21.7,0.0,17.0,Clear,307.33933333333334,9.906666666666666,20.666666666666668
2021-03-07,240.2,0.0,0.0,0.0,23.2,1.1631508098056809,68.3,"Rain, Partially cloudy",308.34666666666664,14.459999999999999,21.1
2021-03-08,288.5,0.0,0.0,0.0,23.3,1.791759469228055,21.1,Rain,309.0593333333333,15.866666666666665,21.42
2021-03-09,278.2,0.0,0.0,0.0,23.2,0.0,22.2,Clear,309.36666666666673,16.619999999999997,21.593333333333334
2021-03-10,226.8,0.0,0.0,0.0,23.1,0.0,31.3,Partially cloudy,304.9666666666667,15.36,21.733333333333334
2021-03-11,317.2,0.0,0.0,0.0,23.3,0.0,4.9,Clear,305.12666666666667,15.093333333333332,21.773333333333333
2021-03-12,138.09,0.0022222222222222,0.0,0.0,21.5,1.1568811967920856,69.3,"Rain, Partially cloudy",292.972,19.39333333333333,21.653333333333332
2021-03-13,285.91,0.0,0.0,0.0,21.2,0.0,45.6,Partially cloudy,291.12666666666667,21.259999999999998,21.533333333333335
2021-03-14,339.0,0.0,0.0,0.0,22.1,0.0,8.5,Clear,299.3266666666667,19.786666666666665,21.546666666666667
2021-03-15,287.09,0.0,0.0,0.0,23.0,0.0,44.4,Partially cloudy,293.89933333333335,22.5,21.813333333333333
2021-03-16,64.41,0.0,0.0,12.272222222222222,23.3,0.0,37.1,Partially cloudy,276.2726666666667,24.653333333333332,22.093333333333334
2021-03-17,314.8,0.0,0.0,0.0,24.5,0.0,33.8,Partially cloudy,273.02000000000004,26.906666666666666,22.40666666666667
2021-03-18,320.41,0.0,0.0,0.0,24.4,0.0,31.1,Partially cloudy,270.85333333333335,28.98,22.64666666666667
2021-03-19,307.89,0.0,0.0,0.0,24.4,0.0,26.7,Partially cloudy,271.82599999999996,30.753333333333334,22.9
2021-03-20,352.11,0.0,0.0,0.0,24.4,0.0,0.1,Clear,272.62,30.76,23.106666666666662
2021-03-21,269.89,0.0,0.0,6.54111111111111,23.1,0.0,52.1,Partially cloudy,268.7,33.1,23.199999999999996
2021-03-22,128.11,0.0044444444444444,0.0,0.0,23.7,2.3978952727983707,83.4,"Rain, Overcast",261.2273333333333,34.10666666666666,23.23333333333333
2021-03-23,71.39,0.0,0.0,2.397777777777778,21.1,1.4011829736136414,75.7,"Rain, Overcast",246.75333333333336,37.74666666666666,23.086666666666666
2021-03-24,351.0,0.0,0.0,0.0,23.8,0.0,24.6,Clear,251.6066666666667,37.90666666666666,23.126666666666665
2021-03-25,321.41,0.0,0.0,0.0,22.4,0.0,44.3,Partially cloudy,257.914,38.77333333333333,23.08
2021-03-26,370.3,0.0,0.0,0.0,23.7,0.0,7.6,Clear,261.454,38.95333333333334,23.106666666666662
2021-03-27,291.0,0.0022222222222222,0.0,0.0,25.3,0.0,2.1,Clear,271.64799999999997,34.473333333333336,23.36
2021-03-28,333.3,0.0,0.0,0.0,27.3,0.0,5.5,Clear,274.80733333333336,31.800000000000004,23.766666666666666
2021-03-29,312.2,0.0022222222222222,0.0,0.0,28.5,0.0,32.7,Partially cloudy,273.02066666666667,33.413333333333334,24.193333333333335
2021-03-30,325.3,0.0019444444444444,0.0,0.0,28.3,0.0,4.3,Clear,275.568,30.74,24.546666666666663
2021-03-31,202.7,0.0,0.0,0.1916666666666666,25.5,0.0,0.0,Clear,284.7873333333333,28.266666666666666,24.69333333333333
2021-04-01,100.7,0.0,0.0,0.0844444444444444,25.7,0.0,0.0,Clear,270.51399999999995,26.013333333333332,24.773333333333333
2021-04-02,132.7,0.0,0.0,0.0,23.5,0.0,0.0,Clear,258.0,23.94,24.713333333333335
2021-04-03,150.09,0.0,0.0,0.4211111111111111,24.5,0.0,0.0,Clear,247.48,22.16,24.72
2021-04-04,108.0,0.0,0.0,0.5505555555555556,26.1,0.0,30.3,Partially cloudy,231.20599999999996,24.173333333333336,24.83333333333333
2021-04-05,86.5,0.0,0.0,0.0847222222222222,27.1,0.0,57.0,Partially cloudy,218.98000000000002,24.5,25.099999999999998
2021-04-06,103.5,0.0,0.0,0.0841666666666666,26.8,1.3635373739972745,68.9,"Rain, Partially cloudy",217.33933333333334,23.533333333333335,25.30666666666666
2021-04-07,177.11,0.0,0.0,0.0,25.6,2.3978952727983707,26.1,"Rain, Partially cloudy",224.38733333333337,20.226666666666667,25.606666666666666
2021-04-08,103.89,0.0,0.0,0.0841666666666666,25.3,0.0,14.6,Clear,207.91333333333333,19.56,25.706666666666667
2021-04-09,147.8,0.0,0.0,0.1694444444444444,26.1,0.0,0.1,Clear,196.33933333333331,16.613333333333337,25.953333333333333
2021-04-10,133.61,0.0,0.0,7.241111111111111,27.0,0.0,0.1,Clear,180.55999999999997,16.113333333333337,26.173333333333332
2021-04-11,160.5,0.0,0.0,0.0841666666666666,28.2,0.0,3.6,Clear,171.85999999999999,16.21333333333333,26.366666666666664
2021-04-12,123.0,0.0,0.0,0.1683333333333333,28.5,0.0,18.7,Clear,157.83999999999997,17.09333333333333,26.446666666666665
2021-04-13,169.8,0.0,0.0,0.59,29.3,0.0,39.7,Partially cloudy,148.34666666666666,17.56,26.499999999999996
2021-04-14,186.0,0.0,0.0,10.502222222222224,30.7,0.0,50.6,Partially cloudy,139.06,20.64666666666667,26.66
2021-04-15,156.8,0.0,0.0,8.013055555555555,29.8,0.0,65.8,Partially cloudy,136.00000000000003,25.033333333333335,26.94666666666667
2021-04-16,158.2,0.0,0.0,5.767222222222222,27.7,0.0,69.3,Partially cloudy,139.83333333333334,29.653333333333336,27.080000000000002
2021-04-17,116.91,0.0,0.0,6.922222222222223,25.4,1.6094379124341003,57.3,"Rain, Partially cloudy",138.78066666666666,33.473333333333336,27.206666666666667
2021-04-18,183.39,0.0,0.0,0.2527777777777777,29.5,0.0,34.4,Partially cloudy,141.00066666666666,35.766666666666666,27.539999999999996
2021-04-19,215.11,0.0,0.0,3.1197222222222223,26.8,0.0,27.1,Partially cloudy,148.14133333333334,35.553333333333335,27.586666666666662
2021-04-20,86.59,0.0,0.0,0.1683333333333333,23.6,0.5306282510621704,81.9,"Rain, Overcast",148.14733333333334,37.21333333333333,27.353333333333328
2021-04-21,343.09,0.0,0.0,1.1794444444444443,23.5,2.3580197998821464,56.4,"Rain, Partially cloudy",164.12,36.379999999999995,27.133333333333333
2021-04-22,317.61,0.0044444444444444,0.0,3.118888888888889,24.3,0.0,42.3,Partially cloudy,173.48666666666668,37.46,27.04666666666667
2021-04-23,164.5,0.0,0.0,6.174166666666666,21.0,2.3978952727983707,42.0,"Rain, Partially cloudy",177.52733333333333,39.28666666666666,26.759999999999998
2021-04-24,165.59,0.0,0.0,0.6752777777777779,24.6,0.0,0.1,Clear,178.7133333333333,39.28666666666666,26.66
2021-04-25,389.7,0.0,0.0,8.816111111111113,27.1,0.0,0.0,Clear,195.78599999999997,39.279999999999994,26.666666666666668
2021-04-26,374.3,0.0,0.0,0.0847222222222222,29.0,0.0,0.0,Clear,210.03933333333333,39.04,26.720000000000002
2021-04-27,343.41,0.0,0.0,2.6983333333333337,31.0,0.0,0.0,Clear,224.73333333333335,37.79333333333334,26.886666666666667
2021-04-28,256.0,0.0,0.0,0.0,32.1,0.0,25.6,Partially cloudy,230.48000000000002,36.85333333333333,27.073333333333334
2021-04-29,219.0,0.0019444444444444,0.0,0.4222222222222222,30.8,1.9459101490553132,40.0,"Rain, Partially cloudy",232.67999999999998,36.14666666666666,27.080000000000002
2021-04-30,294.8,0.0,0.0,1.6011111111111112,31.3,0.0,17.3,Clear,241.88,32.913333333333334,27.18
2021-05-01,284.5,0.0,0.0,11.890277777777778,31.9,0.0,59.0,Partially cloudy,250.3,32.22666666666667,27.46
2021-05-02,222.8,0.0,0.0,5.898611111111111,31.0,0.0,54.2,Partially cloudy,257.3593333333333,32.02,27.833333333333332
2021-05-03,279.5,0.0,0.0,7.228611111111111,31.0,0.47000362924573563,29.7,"Rain, Partially cloudy",263.76666666666665,31.706666666666667,27.933333333333334
2021-05-04,226.7,0.0,0.0,3.569166666666667,29.7,1.9685099809725544,55.1,"Rain, Partially cloudy",264.53933333333333,33.57333333333333,28.12666666666667
2021-05-05,290.91,0.0,0.0,0.3366666666666666,30.2,1.3862943611198906,27.2,"Rain, Partially cloudy",278.16066666666666,29.926666666666666,28.566666666666666
2021-05-06,237.3,0.0,0.0,2.553611111111111,27.9,2.3978952727983707,52.4,"Rain, Partially cloudy",271.108,29.659999999999997,28.86
2021-05-07,304.3,0.0044444444444444,0.0,0.5908333333333333,26.3,2.3978952727983707,35.4,"Rain, Partially cloudy",270.22066666666666,29.2,28.993333333333332
2021-05-08,313.7,0.0,0.0,0.0,29.4,0.0,23.0,Clear,280.1673333333334,27.933333333333334,29.553333333333335
2021-05-09,292.2,0.0022222222222222,0.0,0.0,29.6,2.3978952727983707,32.8,"Rain, Partially cloudy",288.60800000000006,30.113333333333333,29.886666666666667
2021-05-10,207.39,0.0022222222222222,0.0,0.0841666666666666,26.7,0.9516578757114463,40.9,"Rain, Partially cloudy",276.454,32.839999999999996,29.860000000000003
2021-05-11,269.5,0.0,0.0,0.0,28.2,0.47000362924573563,41.8,"Rain, Partially cloudy",269.4673333333333,35.626666666666665,29.806666666666665
2021-05-12,262.7,0.0,0.0,0.0,25.2,2.3978952727983707,50.2,"Rain, Partially cloudy",264.08666666666664,38.97333333333333,29.419999999999998
2021-05-13,181.09,0.0,0.0,0.0,24.9,1.6094379124341003,73.2,"Rain, Partially cloudy",259.0926666666666,42.14666666666667,28.939999999999998
2021-05-14,350.0,0.0019444444444444,0.0,0.0,27.4,0.0,12.1,Clear,267.82599999999996,40.28666666666667,28.713333333333335
2021-05-15,222.81,0.0,0.0,0.0,28.3,0.0,43.7,Partially cloudy,263.02666666666664,42.04666666666667,28.513333333333335
2021-05-16,343.5,0.0,0.0,0.0,30.3,0.0,1.8,Clear,266.96,38.23333333333333,28.406666666666666
2021-05-17,348.39,0.0,0.0,0.2533333333333333,32.7,0.0,12.5,Clear,275.3326666666667,35.45333333333333,28.52
2021-05-18,141.91,0.0,0.0,0.0,29.0,0.0,86.9,Overcast,266.15999999999997,39.26666666666667,28.386666666666663
2021-05-19,89.59,0.0,0.0,0.6744444444444445,25.3,2.3978952727983707,99.8,"Rain, Overcast",257.0193333333333,42.24666666666667,28.09333333333333
2021-05-20,322.11,0.0,0.0,0.4211111111111111,28.0,2.3978952727983707,44.6,"Rain, Partially cloudy",259.09933333333333,43.40666666666667,27.946666666666665
2021-05-21,360.59,0.0,0.0,4.772222222222222,26.5,2.3978952727983707,28.9,"Rain, Partially cloudy",267.3186666666666,41.84000000000001,27.85333333333333
2021-05-22,369.5,0.0063888888888888,0.0,0.0,29.9,0.0,31.5,Partially cloudy,271.6653333333333,41.580000000000005,28.093333333333334
2021-05-23,190.7,0.0,0.0,0.0,28.0,0.0,58.2,Partially cloudy,263.4653333333333,43.92666666666667,28.0
2021-05-24,387.8,0.0,0.0,0.0,29.7,0.0,0.2,Clear,269.83866666666665,41.75333333333334,28.00666666666667
2021-05-25,382.09,0.0022222222222222,0.0,1.468611111111111,31.7,0.0,0.0,Clear,281.4853333333333,39.02666666666667,28.340000000000003
2021-05-26,360.61,0.0,0.0,0.0,32.1,0.0,0.0,Clear,287.55933333333326,36.24,28.6
2021-05-27,343.09,0.0,0.0,0.0,32.8,0.0,0.0,Clear,292.91866666666664,32.89333333333333,29.10666666666667
2021-05-28,338.41,0.0038888888888888,0.0,0.5055555555555555,32.9,0.0,0.2,Clear,303.4066666666667,28.026666666666667,29.64
2021-05-29,317.39,0.0,0.0,0.0,31.0,2.3978952727983707,13.0,Rain,301.23266666666666,28.086666666666666,29.88
