Date,Total Yield (Smooth),GridDurationHours,MaintDurationHours,DelREMO,Temp (Smooth),Cloud Cover (Smooth)
2019-02-01,12.686666666666667,0.0,0.0,0.0,0.9533333333333334,4.473333333333333
2019-02-02,29.12,0.0041666666666666,0.0,0.0,1.78,5.2733333333333325
2019-02-03,44.27333333333333,0.0,0.0,0.0,2.6,5.2733333333333325
2019-02-04,58.0,0.0019444444444444,0.0,0.0,3.4066666666666667,7.986666666666666
2019-02-05,70.76666666666667,0.0038888888888888,0.0,4.345833333333333,4.486666666666666,12.933333333333334
2019-02-06,85.48,0.0058333333333333,0.0,0.0,5.586666666666666,17.133333333333333
2019-02-07,86.03333333333333,0.0038888888888888,0.0,5.610277777777778,6.586666666666666,21.753333333333334
2019-02-08,106.36666666666667,0.0,0.0,5.682777777777778,7.406666666666667,23.439999999999998
2019-02-09,124.92666666666668,0.0,0.0,1.5013888888888889,8.366666666666667,23.88
2019-02-10,142.84,0.0,0.0,0.0,9.333333333333334,28.406666666666666
2019-02-11,160.3,0.0,0.0,0.8036111111111112,10.366666666666667,32.86666666666667
2019-02-12,169.76,0.0,0.0,7.368888888888888,11.46,37.97333333333333
2019-02-13,184.43333333333334,0.0,0.0,0.0,12.620000000000001,42.24666666666666
2019-02-14,192.24,0.0,0.0,0.0,13.786666666666667,47.453333333333326
2019-02-15,201.80666666666667,0.0,0.0,0.0,14.9,53.099999999999994
2019-02-16,204.82,0.0,0.0,0.0,15.059999999999999,52.22666666666667
2019-02-17,201.41333333333333,0.0,0.0,0.0,15.253333333333334,55.300000000000004
2019-02-18,195.88,0.0,0.0,0.0838888888888888,15.406666666666666,59.333333333333336
2019-02-19,198.93333333333334,0.0,0.0,0.0,15.73333333333333,61.413333333333334
2019-02-20,192.50000000000003,0.0,0.0,0.0,15.793333333333333,62.25333333333334
2019-02-21,195.23333333333335,0.0,0.0,0.0,15.960000000000003,62.91333333333334
2019-02-22,209.12,0.0,0.0,0.0,16.073333333333334,61.38
2019-02-23,212.87999999999997,0.0,0.0,0.0,16.28,62.18666666666667
2019-02-24,218.4333333333333,0.0019444444444444,0.0,0.0,16.286666666666665,64.7
2019-02-25,223.5,0.0,0.0,0.0,16.306666666666665,61.59333333333333
2019-02-26,215.96,0.0,0.0,6.1563888888888885,16.28,60.57999999999999
2019-02-27,227.71333333333334,0.0,0.0,0.0,16.05333333333333,59.626666666666665
2019-02-28,235.61333333333332,0.0,0.0,0.0,15.773333333333333,56.413333333333334
2019-03-01,250.23333333333332,0.0,0.0,0.0844444444444444,15.593333333333334,53.10666666666666
2019-03-02,246.17333333333332,0.0,0.0,0.0,15.453333333333333,53.55333333333333
2019-03-03,250.06,0.0,0.0,0.0,15.459999999999997,53.90666666666666
2019-03-04,255.43333333333334,0.0,0.0,0.0,15.539999999999997,54.13333333333333
2019-03-05,268.8666666666667,0.0,0.0,0.0841666666666666,15.666666666666664,50.76
2019-03-06,278.0266666666667,0.0,0.0,0.0,15.666666666666664,46.61333333333333
2019-03-07,297.04,0.0,0.0,0.0,15.693333333333332,41.733333333333334
2019-03-08,288.76666666666665,0.0,0.0,0.0,15.5,41.04
2019-03-09,300.12000000000006,0.0,0.0,0.0,15.54,37.96666666666667
2019-03-10,301.36,0.0,0.0,0.0,15.72,35.473333333333336
2019-03-11,283.7733333333333,0.0044444444444444,0.0,0.0,15.806666666666668,36.6
2019-03-12,286.0466666666667,0.0,0.0,0.0,15.980000000000002,35.873333333333335
2019-03-13,284.0,0.0,0.0,0.0,16.006666666666668,36.480000000000004
2019-03-14,273.3066666666666,0.0,0.0,2.1102777777777777,16.18,36.18666666666666
2019-03-15,275.5333333333333,0.0,0.0,0.0,16.6,35.88
2019-03-16,276.32,0.0,0.0,0.0,16.96,37.78666666666666
2019-03-17,296.3,0.0,0.0,0.0,17.326666666666668,34.86
2019-03-18,298.90666666666664,0.0,0.0,1.3977777777777776,17.566666666666666,33.49333333333334
2019-03-19,304.96666666666664,0.0,0.0,0.0,17.900000000000002,30.826666666666668
2019-03-20,303.5466666666666,0.0,0.0,1.3769444444444443,18.313333333333333,33.053333333333335
2019-03-21,301.3266666666667,0.0,0.0,0.0,18.66,35.06
2019-03-22,303.14666666666665,0.0,0.0,0.0,18.926666666666666,36.56666666666667
2019-03-23,319.3066666666667,0.0,0.0,0.0,19.30666666666667,34.24
2019-03-24,313.73333333333335,0.0,0.0,0.0,19.53333333333333,37.50666666666667
2019-03-25,293.76666666666665,0.0,0.0,0.0,19.546666666666667,41.900000000000006
2019-03-26,312.35333333333335,0.0,0.0,0.0,19.906666666666666,38.67999999999999
2019-03-27,308.8266666666667,0.0,0.0,0.0,20.14,41.64666666666666
2019-03-28,324.85333333333335,0.0,0.0,0.0,20.713333333333335,39.36
2019-03-29,336.34,0.0,0.0,0.0,21.37333333333333,38.626666666666665
2019-03-30,334.3333333333333,0.0,0.0,0.0,21.72,39.89333333333334
2019-03-31,338.8066666666666,0.0,0.0,0.0,22.006666666666668,36.826666666666675
2019-04-01,337.2,0.0,0.0,1.1844444444444444,22.26666666666667,33.90666666666667
2019-04-02,337.9599999999999,0.0,0.0,0.0,22.52,32.13333333333333
2019-04-03,332.3399999999999,0.0,0.0,2.3972222222222226,22.773333333333337,32.46
2019-04-04,332.81333333333333,0.0,0.0,0.0,23.060000000000002,30.080000000000002
2019-04-05,331.18666666666667,0.0,0.0,0.7913888888888889,23.40666666666667,29.02
2019-04-06,326.06666666666666,0.0,0.0,0.0,23.860000000000003,27.313333333333336
2019-04-07,322.3933333333333,0.0,0.0,0.0,24.240000000000002,28.02
2019-04-08,315.76000000000005,0.0,0.0,2.7783333333333333,24.54,26.793333333333333
2019-04-09,334.99333333333334,0.0,0.0,0.7994444444444445,25.066666666666663,23.55333333333333
2019-04-10,332.0466666666667,0.0,0.0,0.0,25.58,24.22
2019-04-11,334.4800000000001,0.0,0.0,0.0,26.093333333333334,22.373333333333335
2019-04-12,331.5466666666667,0.0,0.0,0.0,26.326666666666664,22.913333333333334
2019-04-13,319.04,0.0,0.0,13.150833333333331,26.479999999999997,23.273333333333337
2019-04-14,301.65333333333325,0.0,0.0,13.196944444444444,26.726666666666667,24.64666666666667
2019-04-15,281.81333333333333,0.0,0.0,6.0425,27.066666666666663,26.000000000000004
2019-04-16,270.91333333333336,0.0,0.0,0.0,27.14,31.426666666666666
2019-04-17,259.58,0.0,0.0,1.275,26.93333333333333,36.48
2019-04-18,264.14666666666665,0.0,0.0,1.042777777777778,26.78666666666666,38.15333333333333
2019-04-19,267.5933333333333,0.0,0.0,0.0,26.653333333333332,39.133333333333326
2019-04-20,252.28,0.0,0.0,6.651111111111111,26.606666666666666,39.13333333333333
2019-04-21,235.83999999999997,0.0,0.0,8.473333333333334,26.58666666666667,39.08
2019-04-22,216.63333333333333,0.0,0.0,9.465277777777777,26.773333333333337,37.46000000000001
2019-04-23,204.80666666666664,0.0,0.0,11.410833333333333,27.113333333333333,35.726666666666674
2019-04-24,182.51999999999998,0.0,0.0,0.0,27.433333333333334,36.34666666666667
2019-04-25,171.95999999999998,0.0,0.0,3.9522222222222223,27.553333333333335,38.47999999999999
2019-04-26,157.35333333333332,0.0019444444444444,0.0,7.252222222222223,27.746666666666666,38.01999999999999
2019-04-27,139.2733333333333,0.0,0.0,9.39277777777778,27.993333333333332,36.17333333333333
2019-04-28,135.42000000000002,0.0,0.0,16.52777777777778,28.26,32.946666666666665
2019-04-29,139.9466666666667,0.0,0.0,0.0838888888888888,28.393333333333334,29.79333333333333
2019-04-30,154.4733333333333,0.0019444444444444,0.0,0.0,28.593333333333334,29.960000000000004
2019-05-01,163.61333333333334,0.0,0.0,0.0,29.119999999999997,25.540000000000003
2019-05-02,168.92000000000002,0.0,0.0,0.925277777777778,29.61333333333333,23.013333333333335
2019-05-03,169.33333333333334,0.0,0.0,0.0,30.033333333333335,21.39333333333333
2019-05-04,169.72,0.0,0.0,0.0,30.353333333333335,20.52
2019-05-05,184.70666666666668,0.0038888888888888,0.0,0.0,30.62666666666667,19.619999999999997
2019-05-06,204.92,0.0019444444444444,0.0,0.0,30.84,18.966666666666665
2019-05-07,226.20666666666668,0.0,0.0,0.0,30.94,18.48
2019-05-08,246.75333333333333,0.0,0.0,0.0,31.09333333333333,18.566666666666666
2019-05-09,265.7133333333333,0.0,0.0,0.0,31.226666666666667,18.153333333333332
2019-05-10,272.03333333333336,0.0019444444444444,0.0,3.3230555555555554,31.359999999999996,18.53333333333333
2019-05-11,280.9866666666667,0.0022222222222222,0.0,0.0,31.299999999999997,20.786666666666665
2019-05-12,301.2666666666667,0.0,0.0,0.0,31.279999999999998,22.57333333333333
2019-05-13,314.80666666666673,0.0,0.0,2.277222222222222,31.22,26.05333333333333
2019-05-14,327.94666666666666,0.0,0.0,0.0,31.059999999999995,28.86
2019-05-15,321.62,0.0,0.0,0.8852777777777778,30.719999999999995,31.06
2019-05-16,316.02,0.0019444444444444,0.0,1.3044444444444443,30.493333333333332,33.54666666666667
2019-05-17,317.90666666666664,0.0,0.0,0.0,30.406666666666666,34.17333333333333
2019-05-18,317.52666666666664,0.0,0.0,0.0,30.346666666666668,35.14666666666667
2019-05-19,315.53999999999996,0.0,0.0,0.0,30.426666666666666,36.913333333333334
2019-05-20,314.8533333333333,0.0,0.0,0.0,30.419999999999998,38.29333333333333
2019-05-21,313.64,0.0,0.0,0.0,30.526666666666667,39.62
2019-05-22,309.9333333333334,0.0,0.0,0.0,30.78,43.27333333333333
2019-05-23,305.3866666666667,0.0058333333333333,0.0,0.0,30.653333333333336,47.94
2019-05-24,304.91333333333336,0.0,0.0,0.0,30.3,50.59333333333334
2019-05-25,313.2066666666667,0.0,0.0,0.0,30.086666666666666,47.593333333333334
2019-05-26,320.5266666666667,0.0,0.0,0.0,30.126666666666665,44.35333333333334
2019-05-27,322.28000000000003,0.0,0.0,0.0,30.153333333333332,42.36
2019-05-28,329.20000000000005,0.0,0.0,0.0,30.22,38.62
2019-05-29,329.40666666666664,0.0,0.0,0.0,30.7,35.99333333333334
2019-05-30,334.34666666666664,0.0038888888888888,0.0,0.0,31.253333333333334,31.806666666666672
2019-05-31,340.5266666666666,0.0,0.0,0.0,31.706666666666667,28.640000000000004
2019-06-01,342.7333333333333,0.0,0.0,0.0,32.24666666666667,25.48
2019-06-02,340.81999999999994,0.0,0.0,0.0,32.71333333333333,24.56
2019-06-03,337.94,0.0,0.0,0.0,32.913333333333334,22.98
2019-06-04,337.3533333333333,0.0019444444444444,0.0,0.0,32.95333333333333,23.640000000000004
2019-06-05,332.87333333333333,0.0,0.0,0.0,33.093333333333334,25.113333333333337
2019-06-06,329.33333333333337,0.0,0.0,0.0,32.93333333333333,25.006666666666668
2019-06-07,335.7866666666667,0.0019444444444444,0.0,0.0,33.02,20.853333333333335
2019-06-08,338.17999999999995,0.0,0.0,0.0,33.5,17.213333333333335
2019-06-09,335.14666666666665,0.0019444444444444,0.0,0.0,33.96,16.779999999999998
2019-06-10,332.3266666666667,0.0,0.0,0.0,34.31333333333333,16.499999999999996
2019-06-11,329.29333333333335,0.0,0.0,0.0,34.66,18.173333333333332
2019-06-12,319.65333333333325,0.0038888888888888,0.0,4.674444444444444,34.82666666666667,21.08
2019-06-13,318.33333333333326,0.0,0.0,1.0472222222222225,34.74666666666666,22.499999999999996
2019-06-14,321.30666666666656,0.0,0.0,0.0,34.67333333333333,22.439999999999998
2019-06-15,319.35999999999996,0.0019444444444444,0.0,0.9241666666666668,34.58,23.56
2019-06-16,314.35999999999996,0.0,0.0,0.0,34.333333333333336,26.69333333333333
2019-06-17,315.4533333333333,0.0061111111111111,0.0,2.816666666666667,34.07333333333333,26.993333333333332
2019-06-18,304.98,0.0,0.0,0.0,33.63333333333333,31.133333333333336
2019-06-19,306.9666666666667,0.0,0.0,0.0,33.61333333333334,31.026666666666667
2019-06-20,305.2933333333333,0.0022222222222222,0.0,0.0,33.3,30.61333333333333
2019-06-21,306.66666666666663,0.0019444444444444,0.0,0.0,33.126666666666665,30.319999999999993
2019-06-22,305.65999999999997,0.0061111111111111,0.0,0.0,33.22666666666667,30.133333333333333
2019-06-23,304.9266666666666,0.0,0.0,0.0,33.10666666666666,30.75333333333333
2019-06-24,299.0066666666666,0.0,0.0,1.27,32.71333333333334,34.64666666666667
2019-06-25,294.4333333333333,0.0,0.0,0.0,32.38,39.96666666666666
2019-06-26,296.4066666666667,0.0,0.0,0.0,32.13333333333333,39.03333333333333
2019-06-27,298.54,0.0,0.0,0.0,32.04666666666667,38.36666666666667
2019-06-28,299.91333333333336,0.0,0.0,0.0,32.06666666666666,36.766666666666666
2019-06-29,297.8533333333333,0.0,0.0,0.0,32.093333333333334,36.56
2019-06-30,296.91333333333336,0.0019444444444444,0.0,0.0,31.999999999999996,35.873333333333335
2019-07-01,302.4133333333333,0.0,0.0,0.0,32.18,32.693333333333335
2019-07-02,301.46,0.0038888888888888,0.0,0.0,32.36,31.353333333333335
2019-07-03,310.72,0.0,0.0,0.0,32.83333333333333,26.68
2019-07-04,301.5733333333333,0.0,0.0,0.0,32.78,27.60666666666667
2019-07-05,304.7866666666667,0.0,0.0,0.0,32.92666666666666,26.39333333333333
2019-07-06,300.37999999999994,0.0022222222222222,0.0,0.0,32.846666666666664,25.353333333333335
2019-07-07,300.8066666666666,0.0,0.0,0.0,32.74666666666667,27.306666666666665
2019-07-08,299.7866666666667,0.0,0.0,0.0,32.620000000000005,29.666666666666668
2019-07-09,299.97999999999996,0.0,0.0,0.0,32.513333333333335,29.726666666666667
2019-07-10,290.64,0.0061111111111111,0.0,6.672500000000001,32.37333333333333,29.83333333333333
2019-07-11,281.9,0.0,0.0,0.0,32.06666666666667,33.42
2019-07-12,273.89333333333326,0.0,0.0,0.0,31.78666666666667,35.42
2019-07-13,267.0266666666667,0.0,0.0,0.0,31.359999999999996,38.64
2019-07-14,248.59333333333333,0.0,0.0,2.323611111111111,30.659999999999997,43.04
2019-07-15,239.84000000000003,0.0,0.0,0.9325,30.18,47.726666666666674
2019-07-16,229.09333333333336,0.0,0.0,0.0,29.560000000000002,51.95333333333333
2019-07-17,225.4,0.0019444444444444,0.0,0.0,29.086666666666666,56.27333333333333
2019-07-18,226.45333333333335,0.0,0.0,0.0,28.666666666666664,59.666666666666664
2019-07-19,229.91333333333333,0.0,0.0,0.0,28.586666666666662,60.20666666666666
2019-07-20,227.71333333333334,0.0,0.0,0.0841666666666666,28.41333333333333,63.18666666666667
2019-07-21,237.34,0.0,0.0,0.0841666666666666,28.493333333333332,63.06000000000001
2019-07-22,235.0666666666667,0.0,0.0,0.9769444444444444,28.46,63.65333333333334
2019-07-23,234.04,0.0,0.0,0.0,28.513333333333335,62.553333333333335
2019-07-24,239.57999999999998,0.0,0.0,0.0,28.74,60.21333333333333
2019-07-25,234.8133333333333,0.0,0.0,5.6850000000000005,28.599999999999998,60.306666666666665
2019-07-26,232.29999999999998,0.0,0.0,0.0,28.566666666666663,60.96666666666667
2019-07-27,232.78666666666663,0.0,0.0,0.0,28.499999999999996,62.693333333333335
2019-07-28,234.39333333333332,0.0,0.0,0.0,28.63333333333333,64.42666666666668
2019-07-29,255.48666666666665,0.0,0.0,0.0,29.05333333333333,63.7
2019-07-30,264.7,0.0,0.0,0.0,29.23333333333333,63.68666666666667
2019-07-31,262.56666666666666,0.0,0.0,0.0,29.413333333333338,64.66
2019-08-01,261.61333333333334,0.0,0.0,0.0,29.580000000000005,64.91999999999999
2019-08-02,247.48,0.0,0.0,0.8766666666666667,29.493333333333336,66.01333333333334
2019-08-03,250.34,0.0,0.0,0.0,29.473333333333336,65.25999999999999
2019-08-04,251.99333333333334,0.0,0.0,0.0,29.526666666666667,63.91333333333333
2019-08-05,250.42,0.0,0.0,0.2525,29.58,64.86666666666666
2019-08-06,245.27333333333334,0.0,0.0,0.0,29.419999999999998,65.54666666666665
2019-08-07,242.99333333333334,0.0,0.0,0.0,29.31333333333334,68.33999999999999
2019-08-08,239.67333333333335,0.0019444444444444,0.0,0.0,29.26666666666667,71.30666666666666
2019-08-09,250.02000000000004,3.1441666666666666,0.0,0.5047222222222223,29.386666666666667,70.76666666666667
2019-08-10,255.62000000000003,0.0041666666666666,0.0,0.1680555555555555,29.513333333333332,69.67333333333333
2019-08-11,264.8266666666667,0.0,0.0,1.1713888888888888,29.720000000000002,67.58666666666667
2019-08-12,257.76666666666665,0.0,0.0,2.413888888888889,29.78,66.64666666666668
2019-08-13,255.99999999999997,0.0,0.0,0.0,29.753333333333337,68.64
2019-08-14,250.1,0.0,0.0,0.0,29.76,68.09333333333333
2019-08-15,254.0,0.0019444444444444,0.0,0.0,29.85333333333333,67.45333333333333
2019-08-16,252.54666666666665,0.0,0.0,7.4719444444444445,29.766666666666666,67.38666666666667
2019-08-17,255.14,0.0019444444444444,0.0,1.5630555555555554,29.740000000000002,67.32666666666665
2019-08-18,255.06,0.0,0.0,7.088333333333334,29.56,69.57333333333334
2019-08-19,252.90666666666667,0.0,0.0,1.0741666666666667,29.399999999999995,70.8
2019-08-20,255.98000000000002,0.0,0.0,0.0,29.240000000000002,70.04
2019-08-21,263.1466666666667,0.0,0.0,0.0,29.28666666666667,68.35333333333332
2019-08-22,265.3666666666667,0.0,0.0,0.0,29.193333333333335,66.12
2019-08-23,268.5133333333333,0.0022222222222222,0.0,0.0,29.08,64.39999999999999
2019-08-24,269.0666666666666,0.0,0.0,0.0,29.06,63.839999999999996
2019-08-25,262.76,0.0038888888888888,0.0,0.0,28.866666666666667,65.07333333333332
2019-08-26,265.43333333333334,0.0,0.0,0.0,28.833333333333336,65.86
2019-08-27,277.64000000000004,0.0,0.0,8.283333333333335,28.853333333333335,64.55999999999999
2019-08-28,278.3666666666667,0.0,0.0,0.6730555555555555,28.86,60.72666666666667
2019-08-29,275.7733333333333,0.0,0.0,0.1680555555555555,28.893333333333334,59.64
2019-08-30,281.17266666666666,0.0,0.0,0.0838888888888888,28.999999999999996,57.666666666666664
2019-08-31,285.15933333333334,0.0,0.0,0.8027777777777777,29.226666666666667,54.26666666666666
2019-09-01,289.73266666666666,0.0,0.0,0.0,29.406666666666666,54.97999999999999
2019-09-02,289.29266666666666,0.0,0.0,0.0,29.68,53.46
2019-09-03,291.94599999999997,0.0,0.0,0.0,29.87333333333333,52.11333333333334
2019-09-04,283.3726666666666,0.0019444444444444,0.0,0.0,29.873333333333335,53.733333333333334
2019-09-05,269.47266666666667,0.0,0.0,5.981388888888889,29.700000000000003,56.92666666666667
2019-09-06,268.34599999999995,0.0,0.0,2.916388888888889,29.766666666666666,58.06666666666667
2019-09-07,263.0993333333333,0.0,0.0,1.0091666666666663,29.786666666666665,57.83333333333333
2019-09-08,265.8126666666667,0.0080555555555555,0.0,0.0,29.879999999999995,55.873333333333335
2019-09-09,276.0726666666667,0.0,0.0,0.0,30.15333333333333,52.06666666666666
2019-09-10,272.63933333333335,0.0,0.0,0.2522222222222222,30.21333333333333,49.266666666666666
2019-09-11,268.51933333333335,0.0,0.0,0.0,30.246666666666663,47.79333333333333
2019-09-12,261.8593333333333,0.0,0.0,0.0,30.26,48.26
2019-09-13,263.85266666666666,0.0,0.0,0.0,30.28666666666667,48.059999999999995
2019-09-14,264.12,0.0,0.0,0.0,30.240000000000002,47.919999999999995
2019-09-15,261.2866666666667,0.0,0.0,0.0841666666666666,30.12666666666667,48.639999999999986
2019-09-16,265.52000000000004,0.0,0.0,0.0,30.186666666666667,45.17999999999999
2019-09-17,267.76666666666665,0.0,0.0,0.0,30.20666666666667,43.28666666666666
2019-09-18,267.32,0.0,0.0,0.0841666666666666,30.080000000000002,42.78
2019-09-19,270.0466666666667,0.0,0.0,0.0,30.040000000000003,42.38
2019-09-20,281.46666666666664,0.0,0.0,0.0841666666666666,30.173333333333336,39.46666666666667
2019-09-21,282.36,0.0,0.0,1.1775,30.06666666666667,38.1
2019-09-22,284.4133333333333,0.0,0.0,0.0,29.906666666666666,37.126666666666665
2019-09-23,288.36733333333336,0.0019444444444444,0.0,0.0,29.80666666666667,36.36
2019-09-24,286.7606666666667,0.0,0.0,0.0,29.686666666666664,36.57333333333334
2019-09-25,286.4273333333333,0.0019444444444444,0.0,0.0,29.48,37.28
2019-09-26,283.42066666666665,0.0019444444444444,0.0,1.2538888888888888,29.3,39.08
2019-09-27,283.634,0.0,0.0,0.0,29.066666666666663,39.306666666666665
2019-09-28,284.38733333333334,0.0,0.0,1.6175,28.833333333333332,38.953333333333326
2019-09-29,274.4413333333333,0.0,0.0,0.0,28.413333333333334,41.39333333333333
2019-09-30,269.4746666666667,0.0,0.0,0.0,28.126666666666665,42.82666666666667
2019-10-01,266.4213333333334,0.0022222222222222,0.0,0.0,27.91333333333333,44.51333333333333
2019-10-02,265.168,0.0,0.0,0.7591666666666667,27.706666666666667,44.906666666666666
2019-10-03,262.80133333333333,0.0,0.0,8.762500000000001,27.56666666666667,46.49333333333333
2019-10-04,257.82133333333337,0.0,0.0,0.0838888888888888,27.30666666666667,47.193333333333335
2019-10-05,257.67466666666667,0.0019444444444444,0.0,0.0,27.060000000000002,47.72666666666667
2019-10-06,255.36133333333333,0.0,0.0,1.0102777777777778,26.880000000000003,48.84
2019-10-07,249.848,0.0019444444444444,0.0,0.1683333333333333,26.753333333333334,50.02
2019-10-08,250.04733333333334,0.0,0.0,1.767777777777778,26.513333333333332,48.94
2019-10-09,249.30733333333333,0.0022222222222222,0.0,0.5052777777777778,26.279999999999998,48.36
2019-10-10,250.314,0.0,0.0,0.0838888888888888,26.086666666666662,46.33333333333333
2019-10-11,254.154,0.0,0.0,0.0,25.866666666666664,43.31999999999999
2019-10-12,256.074,0.0,0.0,0.0,25.773333333333333,41.37333333333333
2019-10-13,259.9673333333334,0.0,0.0,0.0,25.76,38.36666666666666
2019-10-14,269.0266666666667,0.0,0.0,0.0,25.92,33.65333333333332
2019-10-15,274.8666666666666,0.0,0.0,0.0,25.913333333333334,29.673333333333336
2019-10-16,274.8133333333333,0.0,0.0,0.0,25.88,26.71333333333333
2019-10-17,267.3533333333333,0.0,0.0,0.0,25.793333333333337,24.513333333333332
2019-10-18,263.44666666666666,0.0,0.0,0.0,25.673333333333336,21.819999999999997
2019-10-19,266.74666666666667,0.0,0.0,0.5886111111111112,25.68666666666667,17.886666666666667
2019-10-20,267.24,0.0,0.0,1.9361111111111111,25.620000000000005,16.006666666666668
2019-10-21,270.82666666666665,0.0,0.0,0.0,25.46666666666667,12.5
2019-10-22,278.15999999999997,0.0,0.0,0.0,25.36,9.06
2019-10-23,274.9933333333334,0.0,0.0,0.0,25.240000000000002,8.360000000000001
2019-10-24,270.7533333333334,0.0,0.0,0.0,25.113333333333333,7.153333333333334
2019-10-25,264.76666666666665,0.0,0.0,0.0,25.013333333333335,7.046666666666668
2019-10-26,257.94666666666666,0.0,0.0,0.0,24.86,6.866666666666667
2019-10-27,254.88666666666668,0.0,0.0,0.0,24.62,6.280000000000001
2019-10-28,250.30666666666667,0.0041666666666666,0.0,0.0,24.413333333333338,5.793333333333334
2019-10-29,242.98666666666665,0.0,0.0,0.0,24.20666666666667,6.226666666666666
2019-10-30,234.83333333333334,0.0,0.0,0.0,24.06666666666667,8.406666666666666
2019-10-31,231.9933333333333,0.0,0.0,0.0,23.873333333333335,7.753333333333333
2019-11-01,231.0,0.0,0.0,0.0,23.66,8.366666666666667
2019-11-02,221.29333333333332,0.0022222222222222,0.0,1.913333333333333,23.52,10.86
2019-11-03,212.9,0.0038888888888888,0.0,0.8419444444444445,23.36,12.733333333333333
2019-11-04,208.15999999999994,0.0,0.0,7.932222222222222,23.240000000000002,11.940000000000001
2019-11-05,203.21333333333328,0.0019444444444444,0.0,0.1683333333333333,23.206666666666667,11.753333333333332
2019-11-06,191.82066666666665,0.0,0.0,0.0841666666666666,23.02,12.979999999999999
2019-11-07,182.66666666666666,0.0,0.0,0.1683333333333333,22.793333333333337,18.186666666666664
2019-11-08,180.81333333333333,0.0019444444444444,0.0,1.087777777777778,22.540000000000003,20.08
2019-11-09,180.23999999999998,0.0,0.0,2.8772222222222226,22.266666666666673,19.88
2019-11-10,181.26599999999996,0.0,0.0,0.0,21.92,20.513333333333332
2019-11-11,174.58599999999998,0.0,0.0,0.0,21.56,22.55333333333333
2019-11-12,175.85933333333332,0.0,0.0,0.0,21.206666666666663,24.406666666666663
2019-11-13,177.826,0.0,0.0,0.0,20.89333333333333,26.08
2019-11-14,176.30599999999998,0.0,0.0,2.0119444444444445,20.626666666666665,26.139999999999997
2019-11-15,175.27266666666662,0.0,0.0,0.5894444444444445,20.426666666666666,28.493333333333332
2019-11-16,172.2593333333333,0.0,0.0,3.888611111111111,20.233333333333338,29.85333333333333
2019-11-17,187.89266666666666,0.0,0.0,0.0,20.000000000000004,26.773333333333333
2019-11-18,198.59266666666667,0.0,0.0,0.0,19.78666666666667,24.193333333333335
2019-11-19,199.03266666666667,0.0,0.0,0.0841666666666666,19.46,24.30666666666667
2019-11-20,198.026,0.0,0.0,0.0,19.073333333333334,26.046666666666667
2019-11-21,200.07866666666666,0.0,0.0,0.0,18.78666666666667,27.453333333333333
2019-11-22,201.01933333333335,0.0,0.0,0.0,18.64,26.02
2019-11-23,198.49266666666668,0.0,0.0,0.0,18.62,27.21333333333333
2019-11-24,202.04599999999996,0.0,0.0,0.0,18.54,27.606666666666662
2019-11-25,204.44666666666663,0.0,0.0,0.0841666666666666,18.513333333333332,28.45333333333333
2019-11-26,196.99999999999997,0.0019444444444444,0.0,0.0,18.446666666666665,31.359999999999996
2019-11-27,186.72666666666663,0.0,0.0,3.3469444444444445,18.473333333333333,34.32666666666666
2019-11-28,177.67333333333332,0.0,0.0,5.030555555555555,18.41333333333333,35.88666666666666
2019-11-29,184.16666666666666,0.0022222222222222,0.0,0.0,18.24,35.586666666666666
2019-11-30,190.06666666666663,0.0,0.0,0.0,17.98,33.21333333333333
2019-12-01,197.66666666666663,0.0,0.0,0.0,17.673333333333332,30.87333333333333
2019-12-02,193.14666666666662,0.0,0.0,0.0,17.313333333333336,30.386666666666663
2019-12-03,191.87999999999997,0.0,0.0,0.7566666666666666,16.96,30.386666666666663
2019-12-04,190.79999999999998,0.0,0.0,0.0,16.686666666666664,30.893333333333334
2019-12-05,187.31333333333333,0.0,0.0,0.0841666666666666,16.459999999999997,29.686666666666664
2019-12-06,191.42000000000002,0.0,0.0,0.0,16.333333333333332,27.139999999999997
2019-12-07,195.44,0.0,0.0,0.0,16.133333333333333,23.366666666666664
2019-12-08,201.41933333333333,0.0,0.0,0.1683333333333333,15.773333333333332,20.61333333333333
2019-12-09,196.42599999999996,0.0,0.0,0.0841666666666666,15.473333333333333,23.013333333333332
2019-12-10,194.43266666666662,0.0,0.0,3.0302777777777776,15.2,22.52
2019-12-11,202.16599999999994,0.0,0.0,0.0,15.046666666666665,18.766666666666666
2019-12-12,199.72599999999997,0.0,0.0,0.0,14.826666666666663,20.053333333333335
2019-12-13,200.30599999999998,0.0,0.0,0.8602777777777778,14.613333333333332,21.313333333333333
2019-12-14,198.266,0.0,0.0,0.0,14.406666666666665,22.87333333333333
2019-12-15,197.606,0.0022222222222222,0.0,0.0,14.206666666666665,23.95333333333333
2019-12-16,183.966,0.0,0.0,0.5791666666666667,13.953333333333333,23.959999999999997
2019-12-17,175.246,0.0,0.0,2.355277777777778,13.786666666666667,24.7
2019-12-18,162.93266666666668,0.0,0.0,2.805555555555556,13.553333333333335,26.37333333333333
2019-12-19,155.99266666666668,0.0,0.0,0.0,13.306666666666667,26.01333333333333
2019-12-20,152.746,0.0,0.0,0.0,13.16,28.33333333333333
2019-12-21,142.486,0.0,0.0,0.0,12.84,28.259999999999994
2019-12-22,131.57933333333332,0.0025,0.0,0.0,12.540000000000001,28.279999999999998
2019-12-23,117.47333333333333,0.0,0.0,1.6277777777777778,12.213333333333333,27.966666666666665
2019-12-24,108.44666666666666,0.0,0.0,2.873611111111111,11.926666666666666,25.426666666666662
2019-12-25,98.06666666666666,0.0,0.0,0.0,11.559999999999999,24.353333333333328
2019-12-26,92.29333333333334,0.0,0.0,0.0,11.206666666666667,23.83333333333333
2019-12-27,95.88,0.0,0.0,0.0,10.73333333333333,18.24
2019-12-28,99.03999999999999,0.0,0.0,0.0,10.273333333333332,12.413333333333332
2019-12-29,96.27333333333334,0.0,0.0,0.0,9.826666666666666,8.833333333333334
2019-12-30,86.73933333333335,0.0,0.0,2.148055555555556,9.386666666666667,8.04
2019-12-31,99.19266666666668,0.0,0.0,0.0,9.16,8.919999999999998
2020-01-01,106.57266666666668,0.0,0.0,0.0,8.993333333333332,10.0
2020-01-02,113.93933333333335,0.0,0.0,0.0,9.093333333333334,10.680000000000001
2020-01-03,119.25933333333333,0.0,0.0,0.9230555555555556,9.28,10.040000000000001
2020-01-04,125.046,0.0019444444444444,0.0,0.0,9.280000000000001,8.706666666666667
2020-01-05,132.75933333333336,0.0,0.0,1.7091666666666667,9.453333333333335,12.506666666666668
2020-01-06,131.186,0.0,0.0,2.043888888888889,9.586666666666666,19.153333333333336
2020-01-07,130.31266666666667,0.0,0.0,0.0,9.793333333333331,25.72
2020-01-08,130.266,0.0,0.0,0.0,9.919999999999998,30.9
2020-01-09,136.35266666666666,0.0,0.0,0.0,10.013333333333332,32.53333333333333
2020-01-10,152.606,0.0,0.0,0.0,10.153333333333332,32.54
2020-01-11,163.45933333333335,0.0,0.0,0.0,10.379999999999999,34.79333333333333
2020-01-12,167.49266666666668,0.0,0.0,0.0838888888888888,10.746666666666668,39.739999999999995
2020-01-13,159.946,0.0,0.0,3.912777777777778,11.04,44.72666666666667
2020-01-14,169.06666666666666,0.0,0.0,0.0,11.266666666666666,45.60666666666666
2020-01-15,166.72066666666666,0.0,0.0,0.1463888888888888,11.359999999999998,45.26
2020-01-16,159.314,0.0,0.0,0.0,11.433333333333332,45.913333333333334
2020-01-17,152.52733333333333,0.0,0.0,0.0,11.333333333333334,45.1
2020-01-18,151.80733333333333,0.0,0.0,0.0,11.266666666666667,45.626666666666665
2020-01-19,150.08066666666667,0.0,0.0,0.0,11.253333333333336,44.5
2020-01-20,146.234,0.0,0.0,0.0,11.200000000000001,42.199999999999996
2020-01-21,155.20066666666668,0.0,0.0,0.0,11.28,37.85333333333333
2020-01-22,166.50066666666666,0.0,0.0,0.0841666666666666,11.306666666666667,31.273333333333333
2020-01-23,184.60066666666665,0.0,0.0,0.0,11.313333333333334,25.6
2020-01-24,189.81400000000002,0.0,0.0,0.0844444444444444,11.486666666666666,24.213333333333335
2020-01-25,183.2673333333333,0.0022222222222222,0.0,0.0,11.513333333333334,26.14666666666667
2020-01-26,183.68066666666667,0.0019444444444444,0.0,0.0,11.540000000000001,23.400000000000002
2020-01-27,175.40066666666667,0.0,0.0,0.0847222222222222,11.42,23.073333333333334
2020-01-28,182.53399999999996,0.0,0.0,3.0875,11.54,23.986666666666668
2020-01-29,178.41333333333333,3.7911111111111113,4.416388888888889,1.2958333333333334,11.706666666666665,25.013333333333332
2020-01-30,186.37999999999997,0.0,0.0,1.9266666666666663,11.893333333333333,24.48
2020-01-31,188.90666666666664,0.0,0.0,0.0,11.873333333333333,23.093333333333334
2020-02-01,194.21333333333334,0.0,0.0,0.0,11.853333333333335,22.866666666666667
2020-02-02,195.2066666666667,0.0,0.0,1.6961111111111111,11.846666666666666,22.819999999999997
2020-02-03,202.53333333333336,0.0,0.0,0.0,11.833333333333334,22.419999999999998
2020-02-04,209.58000000000004,0.0022222222222222,0.0,0.0,11.8,22.946666666666662
2020-02-05,219.08,0.0,0.0,0.0,11.753333333333334,20.633333333333333
2020-02-06,225.826,0.0,0.0,0.0,11.693333333333332,21.113333333333337
2020-02-07,223.17933333333332,0.0,0.0,0.0,11.699999999999998,21.440000000000005
2020-02-08,227.43266666666665,0.0,0.0,0.0,11.726666666666667,21.19333333333334
2020-02-09,231.47266666666667,0.0,0.0,0.0,11.853333333333332,18.94666666666667
2020-02-10,234.38599999999997,0.0,0.0,0.0,11.926666666666666,20.180000000000003
2020-02-11,245.15266666666665,0.0,0.0,1.6044444444444443,12.079999999999998,16.000000000000004
2020-02-12,256.25266666666664,0.0,0.0,0.0,12.273333333333332,10.113333333333333
2020-02-13,265.9533333333333,0.0019444444444444,0.0,0.0,12.579999999999998,8.593333333333334
2020-02-14,264.13266666666664,0.0,0.0,0.0,12.846666666666666,8.82
2020-02-15,277.752,0.0,0.0,0.0,13.253333333333334,7.7333333333333325
2020-02-16,289.24533333333335,0.0,0.0,0.0,13.713333333333335,6.68
2020-02-17,298.7453333333333,0.0,0.0,0.0,14.046666666666667,6.166666666666667
2020-02-18,302.17199999999997,0.0,0.0,0.0,14.44,7.486666666666667
2020-02-19,300.4386666666666,0.0,0.0,0.0,14.753333333333332,8.793333333333335
2020-02-20,293.23866666666663,0.0019444444444444,0.0,0.0,15.186666666666666,13.173333333333334
2020-02-21,290.03933333333333,0.0,0.0,0.0,15.526666666666666,16.673333333333336
2020-02-22,289.7393333333333,0.0,0.0,0.0,15.946666666666665,17.3
2020-02-23,286.9726666666666,0.0,0.0,0.0,16.313333333333333,18.706666666666667
2020-02-24,290.8926666666667,0.0,0.0,0.0,16.633333333333333,19.453333333333333
2020-02-25,288.746,0.0,0.0,0.0,16.993333333333332,18.939999999999998
2020-02-26,293.3793333333333,0.0,0.0,0.0,17.293333333333337,19.006666666666664
2020-02-27,286.446,0.0,0.0,0.0,17.413333333333334,20.38
2020-02-28,280.406,0.0,0.0,0.0,17.48,22.313333333333333
2020-02-29,273.586,0.0019444444444444,0.0,0.0,17.6,26.5
2020-03-01,272.3,0.0,0.0,0.0,17.78,27.579999999999995
2020-03-02,271.93333333333334,0.0,0.0,0.0,17.92,27.586666666666662
2020-03-03,271.11333333333334,0.0,0.0,0.0,18.08666666666667,27.593333333333334
2020-03-04,270.1666666666667,0.0,0.0,0.0,18.24,28.266666666666666
2020-03-05,274.73999999999995,0.0019444444444444,0.0,0.0,18.413333333333334,29.553333333333335
2020-03-06,263.00666666666666,0.0,0.0,5.716388888888888,18.12,31.159999999999997
2020-03-07,254.44,0.0,0.0,0.0,17.92,32.77333333333333
2020-03-08,261.0266666666667,0.0,0.0,0.0,17.813333333333333,32.18
2020-03-09,261.98,0.0,0.0,3.801944444444445,17.773333333333333,30.773333333333333
2020-03-10,265.4266666666667,0.0,0.0,0.0,17.806666666666665,31.8
2020-03-11,255.08,0.0122222222222222,0.0,0.0,17.7,36.733333333333334
2020-03-12,252.74666666666667,0.0,0.0,0.0,17.766666666666666,39.1
2020-03-13,261.08000000000004,0.0,0.0,0.0,17.713333333333335,41.07333333333333
2020-03-14,248.2266666666667,0.0,0.0,1.2408333333333337,17.366666666666667,44.19333333333333
2020-03-15,260.41999999999996,0.0,0.0,0.0,17.246666666666666,40.42666666666667
2020-03-16,262.46666666666664,0.0,0.0,0.0,17.253333333333334,40.080000000000005
2020-03-17,265.606,0.0,0.0,0.0,17.32,39.9
2020-03-18,267.03333333333336,0.0,0.0,0.0,17.433333333333337,39.900000000000006
2020-03-19,266.8326666666666,0.0,0.0,0.0,17.573333333333334,39.13333333333333
2020-03-20,268.166,0.0,0.0,0.0,17.7,36.96666666666667
2020-03-21,283.9193333333334,0.0,0.0,0.0,18.086666666666666,34.519999999999996
2020-03-22,300.55933333333337,0.0,0.0,0.0,18.54666666666667,29.753333333333327
2020-03-23,299.51266666666663,0.0,0.0,0.0,18.906666666666666,30.433333333333326
2020-03-24,296.01266666666663,0.1283333333333333,0.0,0.0,19.19333333333333,35.59333333333333
2020-03-25,293.45266666666663,0.0038888888888888,0.0,0.0,19.499999999999996,36.46
2020-03-26,289.8526666666666,7.642222222222223,10.59027777777778,0.0,19.893333333333334,35.13333333333333
2020-03-27,280.7593333333333,0.0,0.0,0.0838888888888888,19.96,38.44
2020-03-28,284.70533333333333,0.0,0.0,0.0,20.200000000000003,35.8
2020-03-29,309.392,0.0,0.0,0.0,20.76,30.16666666666667
2020-03-30,310.006,0.0,0.0,0.0,21.106666666666666,31.346666666666668
2020-03-31,297.35933333333327,0.0,0.0,0.0,21.19333333333333,34.61333333333333
2020-04-01,295.8733333333333,0.0,0.0,0.0,21.36,35.37333333333333
2020-04-02,297.76599999999996,0.0,0.0,0.0,21.459999999999997,35.70666666666667
2020-04-03,301.62666666666667,0.0,0.0,0.0,21.473333333333333,34.48666666666667
2020-04-04,306.25333333333333,0.0,0.0,0.0,21.586666666666666,32.02666666666667
2020-04-05,311.06000000000006,0.0038888888888888,0.0,0.0,21.766666666666666,30.90666666666667
2020-04-06,311.65333333333336,0.0,0.0,0.0,22.03333333333333,30.66
2020-04-07,300.68,0.0,0.0,0.0,22.026666666666667,32.666666666666664
2020-04-08,312.99333333333334,0.0,0.0,0.0,22.1,28.706666666666667
2020-04-09,313.2800000000001,0.0,0.0,0.0,22.18666666666667,28.28
2020-04-10,331.38000000000005,0.0080555555555555,0.0,0.0,22.38666666666667,25.093333333333337
2020-04-11,349.26,0.0,0.0,0.0,22.833333333333332,20.28666666666667
2020-04-12,337.4006666666666,0.0,0.0,7.335833333333333,23.193333333333335,21.78666666666667
2020-04-13,329.7806666666666,0.0,0.0,0.0,23.646666666666665,24.133333333333336
2020-04-14,326.7133333333333,0.0,0.0,0.0,24.186666666666664,24.886666666666667
2020-04-15,334.1333333333333,0.0,0.0,0.0,24.846666666666664,23.873333333333335
2020-04-16,330.68,0.0,0.0,0.0,25.27333333333333,24.553333333333335
2020-04-17,320.3533333333333,0.0,0.0,0.0,25.54,29.3
2020-04-18,312.61333333333334,0.0,0.0,0.0,25.773333333333333,33.22666666666667
2020-04-19,304.08000000000004,0.0,0.0,0.0,25.98,35.98
2020-04-20,294.8933333333333,0.0,0.0,3.5175,25.95333333333333,37.96666666666667
2020-04-21,294.6,0.0,0.0,0.0,25.9,38.93333333333334
2020-04-22,306.6733333333334,0.0,0.0,0.0,26.186666666666667,36.49333333333333
2020-04-23,291.2733333333333,0.0,0.0,4.674166666666666,26.499999999999996,38.346666666666664
2020-04-24,277.25333333333333,0.0,0.0,12.21527777777778,26.759999999999998,36.093333333333334
2020-04-25,260.88,0.0,0.0,5.249444444444444,26.73333333333333,38.239999999999995
2020-04-26,240.48666666666665,0.0,0.0,6.495833333333334,26.54,40.58
2020-04-27,235.98666666666668,0.0,0.0,4.6241666666666665,26.23333333333333,41.53333333333333
2020-04-28,235.36666666666667,0.0,0.0,0.0,26.066666666666666,40.26
2020-04-29,235.87333333333333,0.0,0.0,0.0,25.946666666666665,37.853333333333325
2020-04-30,236.7266666666667,0.0,0.0,0.0,25.886666666666667,36.80666666666666
2020-05-01,237.2,0.0,0.0,0.0,25.933333333333334,35.846666666666664
2020-05-02,232.11333333333332,0.0019444444444444,0.0,2.521666666666667,26.033333333333335,35.093333333333334
2020-05-03,234.97999999999996,0.0038888888888888,0.0,23.73583333333333,26.16,35.83333333333333
2020-05-04,234.10666666666665,0.0,0.0,9.293611111111112,26.193333333333335,35.339999999999996
2020-05-05,241.12,0.0022222222222222,0.0,0.0,26.513333333333332,33.166666666666664
2020-05-06,227.1066666666667,0.0,0.0,6.1402777777777775,26.7,35.486666666666665
2020-05-07,227.25333333333336,0.0,0.0,0.0,26.8,35.22666666666666
2020-05-08,238.92000000000002,0.0,0.0,0.0,26.880000000000003,32.26
2020-05-09,249.08,0.0,0.0,0.0,27.033333333333335,32.77333333333333
2020-05-10,244.74,0.0,0.0,9.70388888888889,27.066666666666666,32.38666666666666
2020-05-11,263.1933333333333,0.0,0.0,0.0,27.300000000000004,31.219999999999995
2020-05-12,275.42,0.0058333333333333,0.0,0.0,27.67333333333334,31.44
2020-05-13,271.23333333333335,0.0022222222222222,0.0,0.0,27.78,33.94
2020-05-14,262.1066666666666,0.0063888888888888,0.0,4.068333333333333,27.71333333333333,35.879999999999995
2020-05-15,264.4066666666667,0.0022222222222222,0.0,0.0,27.71333333333333,36.31333333333333
2020-05-16,264.2266666666667,0.0,0.0,0.0,27.75333333333333,36.166666666666664
2020-05-17,275.58,0.0,0.0,0.0,27.95333333333333,34.30666666666667
2020-05-18,274.0806666666667,0.0,0.0,0.0,28.179999999999996,30.820000000000004
2020-05-19,280.6006666666667,0.0019444444444444,0.0,0.0,28.40666666666667,29.626666666666665
2020-05-20,283.7006666666666,0.0063888888888888,0.0,0.0,28.593333333333337,27.386666666666667
2020-05-21,295.0473333333333,0.0038888888888888,0.0,0.0,28.920000000000005,23.51333333333334
2020-05-22,292.2273333333333,0.0,0.0,0.0,29.24666666666667,23.16666666666667
2020-05-23,287.84066666666666,0.0,0.0,0.0,29.653333333333332,25.619999999999997
2020-05-24,291.86733333333336,0.0,0.0,0.0,29.873333333333335,25.013333333333335
2020-05-25,314.64733333333334,0.0,0.0,0.0,30.473333333333336,22.093333333333334
2020-05-26,314.20733333333334,0.0,0.0,0.0,31.013333333333332,20.060000000000002
2020-05-27,311.0873333333333,0.0058333333333333,0.0,0.0,31.466666666666665,17.900000000000002
2020-05-28,304.7606666666666,0.0061111111111111,0.0,4.525277777777778,31.64,17.360000000000003
2020-05-29,297.19333333333327,0.0061111111111111,0.0,8.2225,31.57333333333333,18.66
2020-05-30,294.9133333333333,0.0,0.0,0.0,31.419999999999998,21.153333333333332
2020-05-31,294.026,0.0,0.0,0.0,31.086666666666662,25.273333333333333
2020-06-01,296.3066666666666,0.0022222222222222,0.0,0.0,30.846666666666668,24.80666666666667
2020-06-02,292.3993333333333,0.0,0.0,0.0,30.640000000000004,26.033333333333335
2020-06-03,292.926,0.0,0.0,0.0,30.553333333333338,28.10666666666667
2020-06-04,289.1726666666666,0.0,0.0,0.0,30.433333333333337,32.36666666666667
2020-06-05,286.83933333333334,0.0,0.0,0.0,30.12666666666667,35.666666666666664
2020-06-06,284.706,0.0,0.0,0.0,29.85333333333333,37.86
2020-06-07,280.87266666666665,0.0,0.0,0.0,29.25333333333333,39.053333333333335
2020-06-08,278.4386666666667,0.0,0.0,0.0838888888888888,29.006666666666664,39.846666666666664
2020-06-09,275.93933333333337,0.0058333333333333,0.0,0.0,28.813333333333333,39.86666666666667
2020-06-10,271.4186666666667,0.0,0.0,0.0,28.560000000000002,40.906666666666666
2020-06-11,275.40599999999995,0.0,0.0,0.0,28.46666666666667,40.166666666666664
2020-06-12,286.952,0.0,0.0,0.0,28.66,38.38666666666666
2020-06-13,298.59933333333333,0.0,0.0,0.0,28.986666666666668,36.806666666666665
2020-06-14,300.24666666666667,0.0,0.0,0.0,29.366666666666667,33.28666666666667
2020-06-15,303.18,0.0,0.0,0.3363888888888889,29.913333333333334,29.080000000000002
2020-06-16,301.0466666666666,0.0,0.0,0.0,30.293333333333333,27.346666666666668
2020-06-17,308.0133333333333,0.0,0.0,0.0,30.673333333333332,25.066666666666666
2020-06-18,306.49399999999997,0.0,0.0,0.0,31.046666666666667,22.020000000000003
2020-06-19,306.62,0.0,0.0,0.0,31.319999999999997,20.273333333333333
2020-06-20,306.66066666666666,0.0,0.0,0.0,31.639999999999997,19.046666666666667
2020-06-21,304.1006666666667,0.0,0.0,0.0,31.813333333333333,18.453333333333333
2020-06-22,310.854,0.0,0.0,0.0,32.086666666666666,17.953333333333333
2020-06-23,311.8813333333333,0.0,0.0,0.0,32.26,18.326666666666664
2020-06-24,309.154,0.0,0.0,0.0,32.16,21.279999999999998
2020-06-25,305.434,0.0,0.0,0.0,32.093333333333334,22.380000000000003
2020-06-26,301.34000000000003,0.0,0.0,0.0,31.993333333333332,24.853333333333335
2020-06-27,302.37466666666666,0.0,0.0,0.0,32.0,25.913333333333334
2020-06-28,307.194,0.0,0.0,0.0,32.28,25.94666666666667
2020-06-29,305.46066666666667,0.0,0.0,0.0,32.220000000000006,26.213333333333335
2020-06-30,303.0746666666667,0.0,0.0,0.0,32.10666666666667,28.386666666666667
2020-07-01,302.18733333333336,0.0,0.0,0.0,32.126666666666665,29.773333333333333
2020-07-02,298.48066666666665,0.0025,0.0,0.0,32.166666666666664,32.279999999999994
2020-07-03,297.346,0.0022222222222222,0.0,0.0,32.21999999999999,33.81333333333333
2020-07-04,298.82733333333334,0.0,0.0,0.0,32.10666666666666,33.4
2020-07-05,298.946,0.0038888888888888,0.0,0.0,31.913333333333334,34.66666666666667
2020-07-06,303.62,0.0,0.0,0.0,31.946666666666665,35.75333333333334
2020-07-07,304.5466666666667,0.0,0.0,0.0,32.03333333333333,36.25333333333333
2020-07-08,288.38,0.0,0.0,0.0,31.77333333333333,40.65333333333333
2020-07-09,291.2726666666667,0.0,0.0,0.0,31.853333333333335,40.86666666666667
2020-07-10,300.2133333333333,0.0,0.0,0.0,31.96666666666667,40.973333333333336
2020-07-11,295.05333333333334,0.0,0.0,0.0,31.820000000000004,41.79333333333334
2020-07-12,280.7593333333333,0.0058333333333333,0.0,0.0,31.38,45.02666666666667
2020-07-13,283.54,0.0,0.0,0.0,31.006666666666664,45.77333333333333
2020-07-14,286.54,0.0,0.0,0.0,31.019999999999996,45.06
2020-07-15,286.4866666666667,0.0,0.0,0.0,30.919999999999998,45.099999999999994
2020-07-16,286.84666666666664,0.0019444444444444,0.0,0.0,30.773333333333333,45.96000000000001
2020-07-17,289.00600000000003,0.0,0.0,0.0,30.633333333333333,46.64
2020-07-18,281.58733333333333,0.0,0.0,0.0,30.34666666666667,49.35333333333333
2020-07-19,278.906,0.0,0.0,0.0,30.333333333333336,51.69333333333332
2020-07-20,275.44066666666663,0.0,0.0,0.0,30.346666666666668,53.59333333333333
2020-07-21,261.85266666666666,0.0,0.0,0.7575000000000001,29.926666666666666,56.726666666666674
2020-07-22,247.13333333333333,0.0019444444444444,0.0,0.0,29.626666666666665,57.646666666666675
2020-07-23,264.094,0.0,0.0,0.0,29.720000000000002,54.62
2020-07-24,262.7606666666667,0.0019444444444444,0.0,0.0,29.70666666666667,54.72666666666667
2020-07-25,259.514,0.0,0.0,0.0,29.653333333333332,56.059999999999995
2020-07-26,267.294,0.0,0.0,0.0841666666666666,29.806666666666665,56.01333333333333
2020-07-27,282.094,0.0041666666666666,0.0,0.0,30.19333333333333,53.346666666666664
2020-07-28,279.74066666666664,0.0,0.0,0.0,30.406666666666666,54.22666666666666
2020-07-29,270.6406666666666,0.0,0.0,0.0,30.273333333333333,58.91333333333333
2020-07-30,260.78,0.0,0.0,0.0,30.113333333333333,61.353333333333325
2020-07-31,258.99399999999997,0.0063888888888888,0.0,0.0,30.026666666666667,63.246666666666655
2020-08-01,244.49400000000003,0.0022222222222222,0.0,0.0,29.773333333333333,64.00666666666666
2020-08-02,251.94,0.0041666666666666,0.0,0.0,29.78,62.79333333333332
2020-08-03,253.04066666666665,0.0,0.0,0.0,29.860000000000003,61.51333333333333
2020-08-04,253.38666666666666,0.0,0.0,0.0,29.966666666666665,59.853333333333325
2020-08-05,261.98066666666665,0.0,0.0,0.0,30.38,58.033333333333324
2020-08-06,276.3333333333333,0.0,0.0,0.0,30.806666666666665,58.599999999999994
2020-08-07,278.28,0.0,0.0,0.0,30.94666666666667,60.25333333333334
2020-08-08,279.994,0.0041666666666666,0.0,0.0841666666666666,31.04,60.88
2020-08-09,274.44066666666663,0.0,0.0,0.0,31.02,61.733333333333334
2020-08-10,263.76666666666665,0.0,0.0,1.9177777777777776,30.933333333333334,63.980000000000004
2020-08-11,255.73333333333332,0.0041666666666666,0.0,0.0,30.83333333333333,65.32
2020-08-12,250.23333333333335,0.0,0.0,0.0,30.666666666666664,66.81333333333333
2020-08-13,249.29266666666666,0.0,0.0,0.0,30.546666666666663,66.87333333333333
2020-08-14,256.4806666666667,0.0,0.0,0.0,30.759999999999998,65.74000000000001
2020-08-15,258.5733333333334,0.0,0.0,0.0,30.84,64.68666666666667
2020-08-16,268.24133333333333,0.0044444444444444,0.0,0.0,31.02,65.05333333333333
2020-08-17,262.78066666666666,0.0,0.0,0.0,30.960000000000004,66.75999999999999
2020-08-18,260.54133333333334,0.0,0.0,0.0,30.86,68.3
2020-08-19,249.06733333333332,0.0019444444444444,0.0,0.0,30.64,69.93333333333334
2020-08-20,249.47466666666668,0.0,0.0,0.0,30.39333333333333,71.2
2020-08-21,237.6746666666667,0.0,0.0,0.0,29.993333333333332,71.74666666666667
2020-08-22,229.58733333333333,0.0,0.0,0.0,29.826666666666668,72.33333333333334
2020-08-23,226.434,0.0,0.0,0.0,29.626666666666672,72.44666666666666
2020-08-24,232.63400000000001,0.0,0.0,0.0,29.53333333333333,70.9
2020-08-25,243.714,0.0,0.0,0.0,29.513333333333332,68.11333333333333
2020-08-26,247.08666666666667,0.0,0.0,0.0,29.433333333333334,67.72
2020-08-27,249.24066666666667,0.0,0.0,0.0,29.29333333333333,67.82666666666667
2020-08-28,252.81333333333333,0.0,0.0,0.0,29.346666666666664,67.16
2020-08-29,252.03933333333336,0.0,0.0,0.0,29.273333333333333,66.54666666666667
2020-08-30,246.21933333333334,0.0022222222222222,0.0,0.0,29.18,67.92
2020-08-31,247.15866666666665,0.0,0.0,0.0,29.133333333333333,66.96000000000001
2020-09-01,247.546,0.0,0.0,0.0,29.14666666666667,65.77333333333334
2020-09-02,249.93866666666665,0.0,0.0,0.0,29.146666666666665,64.70666666666668
2020-09-03,259.33933333333334,0.0,0.0,0.0,29.286666666666665,64.22666666666666
2020-09-04,256.29866666666663,0.0,0.0,1.982777777777778,29.446666666666665,62.52666666666667
2020-09-05,254.3653333333333,0.0,0.0,0.0,29.58,61.06666666666667
2020-09-06,257.89866666666666,0.0,0.0,0.0,29.57333333333333,60.980000000000004
2020-09-07,259.4653333333333,0.0041666666666666,0.0,0.0,29.62,59.54
2020-09-08,262.1186666666666,0.0,0.0,0.0,29.606666666666666,58.16666666666667
2020-09-09,262.8926666666666,0.0,0.0,0.0,29.653333333333336,55.85333333333334
2020-09-10,266.90666666666664,0.0,0.0,0.0,29.720000000000002,53.02
2020-09-11,266.392,0.0,0.0,0.0,29.880000000000003,48.98
2020-09-12,271.586,0.0,0.0,0.0,30.053333333333335,45.546666666666674
2020-09-13,274.14,0.0,0.0,0.0,30.119999999999997,44.900000000000006
2020-09-14,278.78666666666663,0.0,0.0,0.0,30.199999999999996,42.266666666666666
2020-09-15,280.17933333333326,0.0,0.0,0.0,30.29333333333333,41.16
2020-09-16,285.82666666666665,0.0,0.0,0.0,30.44666666666667,40.86666666666667
2020-09-17,287.8466666666667,0.0,0.0,0.0,30.50666666666667,38.76
2020-09-18,294.32000000000005,0.0,0.0,0.0,30.633333333333336,35.24666666666666
2020-09-19,300.15333333333336,0.0,0.0,0.0,30.68,33.88666666666666
2020-09-20,312.7866666666667,0.0,0.0,0.0,30.81333333333333,31.159999999999997
2020-09-21,314.33333333333337,0.0,0.0,0.0,30.96,27.25333333333333
2020-09-22,307.93933333333337,0.0019444444444444,0.0,0.0,31.013333333333332,26.746666666666666
2020-09-23,300.19266666666664,0.0,0.0,0.0,31.060000000000002,27.693333333333335
2020-09-24,294.84,0.0022222222222222,0.0,0.0,30.94666666666667,29.713333333333335
2020-09-25,291.94,0.0,0.0,2.5025,30.86666666666667,30.613333333333337
2020-09-26,288.36133333333333,0.0,0.0,0.0,30.8,31.973333333333336
2020-09-27,288.228,0.0,0.0,0.5888888888888889,30.613333333333333,30.433333333333337
2020-09-28,288.734,0.0,0.0,0.0,30.46,27.84
2020-09-29,288.61333333333334,0.0019444444444444,0.0,0.0,30.28,25.96
2020-09-30,291.4073333333333,0.0,0.0,0.0,30.073333333333334,23.58
2020-10-01,289.9673333333334,0.0,0.0,0.0,29.840000000000003,20.22
2020-10-02,289.0806666666666,0.0,0.0,0.0,29.6,18.693333333333335
2020-10-03,288.7473333333333,0.0,0.0,0.0,29.36,17.473333333333336
2020-10-04,290.4066666666667,0.0,0.0,0.0,29.153333333333332,15.266666666666667
2020-10-05,291.9266666666667,0.0,0.0,0.0,28.926666666666666,13.686666666666667
2020-10-06,292.98066666666665,0.0,0.0,0.0838888888888888,28.666666666666664,12.666666666666668
2020-10-07,299.46733333333333,0.0,0.0,0.0,28.426666666666666,10.579999999999998
2020-10-08,303.5746666666667,0.0,0.0,0.5891666666666667,28.253333333333334,7.573333333333332
2020-10-09,305.2006666666667,0.0,0.0,0.3372222222222222,28.186666666666664,4.633333333333333
2020-10-10,305.714,0.0,0.0,0.0841666666666666,28.08,2.6466666666666665
2020-10-11,310.32599999999996,0.0,0.0,0.0841666666666666,27.953333333333333,0.22666666666666663
2020-10-12,306.55266666666665,0.0,0.0,2.013055555555556,27.840000000000003,0.21999999999999997
2020-10-13,297.4666666666667,0.0,0.0,0.0,27.793333333333337,0.84
2020-10-14,293.7273333333334,0.0,0.0,0.0838888888888888,27.766666666666666,1.04
2020-10-15,292.6606666666667,0.0,0.0,0.0,27.653333333333332,1.3733333333333333
2020-10-16,291.6066666666666,0.0019444444444444,0.0,0.0,27.28,1.3733333333333333
2020-10-17,288.90066666666667,0.0,0.0,0.0,27.086666666666666,1.3733333333333333
2020-10-18,288.38666666666666,0.0,0.0,0.0841666666666666,26.919999999999998,1.3733333333333333
2020-10-19,287.29999999999995,0.0,0.0,0.1686111111111111,26.673333333333332,1.3733333333333333
2020-10-20,284.9406666666667,0.0,0.0,1.853055555555556,26.4,1.3733333333333333
2020-10-21,281.84000000000003,0.0,0.0,0.0,26.093333333333334,1.9333333333333333
2020-10-22,277.134,0.0,0.0,0.3366666666666666,25.806666666666672,3.18
2020-10-23,274.7733333333333,0.0,0.0,0.59,25.460000000000008,3.18
2020-10-24,269.74,0.0019444444444444,0.0,0.6747222222222222,25.193333333333335,3.18
2020-10-25,267.814,0.0038888888888888,0.0,0.3366666666666666,24.986666666666665,3.28
2020-10-26,261.1546666666667,0.0,0.0,0.1683333333333333,24.73333333333333,3.826666666666666
2020-10-27,261.44733333333335,0.0077777777777777,0.0,0.0838888888888888,24.453333333333333,3.826666666666666
2020-10-28,267.31399999999996,0.0019444444444444,0.0,0.0841666666666666,24.080000000000002,3.206666666666666
2020-10-29,264.76666666666665,0.0,0.0,0.0841666666666666,23.653333333333336,2.7866666666666666
2020-10-30,258.906,0.0019444444444444,0.0,2.158055555555556,23.3,2.453333333333333
2020-10-31,257.406,0.0038888888888888,0.0,2.440555555555556,23.23333333333333,2.82
2020-11-01,254.85266666666666,0.0,0.0,0.0,23.013333333333332,2.82
2020-11-02,249.02666666666667,0.0,0.0,0.0,22.56,2.82
2020-11-03,241.58,0.0022222222222222,0.0,0.0,22.206666666666667,2.82
2020-11-04,234.58,0.0,0.0,0.0,21.96,2.82
2020-11-05,230.84666666666666,0.0,0.0,0.0,21.800000000000004,2.26
2020-11-06,230.51933333333332,0.0,0.0,0.0,21.640000000000004,1.0133333333333332
2020-11-07,240.632,0.0,0.0,0.6794444444444444,21.486666666666668,1.0133333333333332
2020-11-08,240.36533333333335,0.0,0.0,0.0,21.146666666666665,1.0133333333333332
2020-11-09,237.90466666666669,0.0,0.0,0.0838888888888888,20.75333333333333,0.9133333333333333
2020-11-10,241.01866666666666,0.0,0.0,0.0,20.44,0.48
2020-11-11,236.89933333333332,0.0,0.0,2.7647222222222223,20.16,0.48
2020-11-12,231.87199999999999,0.0,0.0,3.3374999999999995,19.919999999999998,0.52
2020-11-13,229.79933333333335,0.0,0.0,0.0838888888888888,19.713333333333335,0.52
2020-11-14,226.28733333333332,0.0,0.0,0.0,19.493333333333336,0.6066666666666667
2020-11-15,218.77399999999997,0.0019444444444444,0.0,0.0841666666666666,19.313333333333333,4.14
2020-11-16,208.17266666666666,0.0,0.0,0.0841666666666666,19.066666666666666,8.36
2020-11-17,210.69266666666664,0.0,0.0,0.5891666666666666,19.0,8.366666666666665
2020-11-18,215.24066666666667,0.0,0.0,0.0,18.86,8.366666666666665
2020-11-19,217.25333333333333,0.0022222222222222,0.0,0.0,18.546666666666663,8.373333333333331
2020-11-20,220.14666666666668,0.0,0.0,2.6933333333333334,18.226666666666663,8.373333333333333
2020-11-21,224.54066666666668,0.0022222222222222,0.0,0.0,17.826666666666664,8.706666666666667
2020-11-22,214.02066666666667,0.0,0.0,0.0,17.5,11.506666666666668
2020-11-23,210.32800000000003,0.0,0.0,0.0,17.27333333333333,14.646666666666668
2020-11-24,203.748,0.0,0.0,0.0,17.08,18.573333333333334
2020-11-25,189.4813333333333,0.0,0.0,0.0,16.826666666666664,23.560000000000002
2020-11-26,189.66133333333332,0.0,0.0,0.0,16.653333333333332,27.140000000000004
2020-11-27,196.64066666666668,0.0,0.0,0.0,16.513333333333332,27.100000000000005
2020-11-28,201.90733333333333,0.0,0.0,0.0,16.393333333333334,27.10666666666667
2020-11-29,205.84066666666664,0.0,0.0,0.0,16.21333333333333,27.626666666666665
2020-11-30,212.32066666666663,0.0,0.0,0.0,15.94,23.73333333333333
2020-12-01,222.528,0.0,0.0,0.0,15.786666666666665,19.513333333333332
2020-12-02,220.08733333333333,0.0,0.0,0.0,15.686666666666666,19.506666666666668
2020-12-03,215.82066666666665,0.0,0.0,0.0841666666666666,15.633333333333333,19.506666666666668
2020-12-04,211.45999999999998,0.0,0.0,0.0841666666666666,15.686666666666666,20.4
2020-12-05,203.49333333333334,0.0,0.0,0.0,15.82,22.113333333333333
2020-12-06,195.28066666666666,0.0,0.0,0.0841666666666666,16.026666666666667,21.833333333333332
2020-12-07,192.24733333333333,0.0,0.0,1.346666666666667,16.21333333333333,19.046666666666667
2020-12-08,197.194,0.0,0.0,0.0841666666666666,16.34,16.58
2020-12-09,202.814,0.0,0.0,0.0841666666666666,16.433333333333334,14.513333333333334
2020-12-10,215.16666666666666,0.0,0.0,0.0,16.613333333333333,9.440000000000001
2020-12-11,215.77933333333334,0.0,0.0,0.0,16.74,7.766666666666667
2020-12-12,208.76066666666668,0.0,0.0,0.0,16.759999999999998,11.96
2020-12-13,195.45466666666664,0.0,0.0,0.0,16.466666666666665,12.813333333333333
2020-12-14,182.79399999999998,0.0,0.0,0.0,16.206666666666667,12.259999999999998
2020-12-15,180.74,0.0,0.0,0.0,15.966666666666665,12.773333333333332
2020-12-16,174.31400000000002,0.0058333333333333,0.0,0.0,15.499999999999998,12.806666666666665
2020-12-17,172.47466666666665,0.0,0.0,0.0,15.033333333333335,13.246666666666666
2020-12-18,176.1473333333333,0.0,0.0,0.0,14.580000000000002,13.486666666666666
2020-12-19,176.194,0.0,0.0,3.0719444444444446,14.253333333333334,12.819999999999999
2020-12-20,182.66733333333335,0.0,0.0,0.0,13.866666666666667,11.873333333333333
2020-12-21,185.07333333333332,0.0,0.0,0.0,13.446666666666665,13.133333333333333
2020-12-22,185.334,0.0,0.0,0.0,13.006666666666666,13.166666666666666
2020-12-23,184.68,0.0066666666666666,0.0,0.0,12.646666666666665,12.493333333333332
2020-12-24,184.94733333333335,0.0,0.0,0.0,12.286666666666667,10.633333333333333
2020-12-25,183.83399999999997,0.0,0.0,0.0,11.82,11.360000000000001
2020-12-26,177.69399999999996,0.0,0.0,0.0,11.239999999999998,9.799999999999999
2020-12-27,175.706,0.0,0.0,4.319166666666667,10.793333333333333,7.413333333333332
2020-12-28,187.50599999999997,0.0019444444444444,0.0,0.0,10.61333333333333,7.186666666666667
2020-12-29,199.0,0.0,0.0,0.0,10.439999999999998,7.133333333333334
2020-12-30,191.3406666666667,0.0066666666666666,0.0,0.0,10.219999999999999,6.626666666666668
2020-12-31,191.77333333333337,0.0,0.0,0.0,10.22,7.800000000000001
2021-01-01,183.25933333333336,0.0,0.0,0.0841666666666666,10.08,7.373333333333334
2021-01-02,168.94,0.0,0.0,0.4211111111111111,10.200000000000001,9.646666666666667
2021-01-03,166.04000000000002,0.0,0.0,1.0958333333333337,10.473333333333334,11.6
2021-01-04,161.694,0.0,0.0,0.0,10.84,14.726666666666665
2021-01-05,149.85333333333332,0.0,0.0,0.1688888888888888,11.146666666666665,19.5
2021-01-06,144.69400000000002,0.0066666666666666,0.0,0.0,11.506666666666664,23.58
2021-01-07,133.14666666666668,0.0,0.0,0.0,11.646666666666665,23.646666666666665
2021-01-08,132.58666666666667,0.0,0.0,0.7597222222222222,11.719999999999999,24.926666666666666
2021-01-09,129.25333333333333,0.0,0.0,2.6958333333333333,11.866666666666667,24.666666666666668
2021-01-10,133.38066666666668,0.0,0.0,0.1683333333333333,11.940000000000001,24.386666666666667
2021-01-11,134.97466666666668,0.0,0.0,0.0,11.959999999999999,22.599999999999998
2021-01-12,127.73999999999998,0.0,0.0,0.6752777777777779,11.973333333333331,21.973333333333333
2021-01-13,123.89999999999998,0.0,0.0,0.1683333333333333,12.066666666666666,22.226666666666667
2021-01-14,121.91933333333331,0.0,0.0,0.0852777777777777,12.08,22.900000000000002
2021-01-15,121.89333333333333,0.0022222222222222,0.0,0.0841666666666666,12.153333333333334,21.7
2021-01-16,120.29333333333334,0.0,0.0,0.5052777777777778,12.273333333333335,21.686666666666667
2021-01-17,128.55266666666668,0.0,0.0,0.0,12.313333333333336,19.226666666666667
2021-01-18,132.754,0.0,0.0,0.0,12.220000000000002,17.626666666666665
2021-01-19,135.13933333333333,0.0,0.0,1.9394444444444443,11.993333333333334,13.73333333333333
2021-01-20,148.24666666666667,0.0,0.0,0.2538888888888889,11.799999999999999,7.886666666666668
2021-01-21,157.29933333333332,0.0,0.0,0.59,11.526666666666666,3.7600000000000007
2021-01-22,162.57999999999998,0.0,0.0,0.0,11.379999999999999,4.873333333333334
2021-01-23,162.11333333333332,0.0,0.0,0.0,11.453333333333333,4.566666666666666
2021-01-24,155.77999999999997,0.0,0.0,0.0,11.353333333333335,4.133333333333333
2021-01-25,157.69266666666667,0.0,0.0,0.0,11.5,4.066666666666666
2021-01-26,162.82,0.0,0.0,0.0841666666666666,11.566666666666668,4.046666666666667
2021-01-27,173.93333333333334,0.0,0.0,0.0844444444444444,11.8,4.04
2021-01-28,176.78666666666666,0.0,0.0,0.0,11.766666666666667,3.7866666666666666
2021-01-29,188.19399999999996,0.0,0.0,0.0841666666666666,11.886666666666667,3.1
2021-01-30,197.54599999999996,0.0022222222222222,0.0,0.0,12.066666666666666,4.340000000000001
2021-01-31,211.01999999999998,0.0,0.0,8.097777777777777,12.306666666666667,4.540000000000001
2021-02-01,217.81333333333333,0.0,0.0,0.0,12.446666666666669,4.713333333333334
2021-02-02,212.686,0.0,0.0,0.0841666666666666,12.473333333333333,4.866666666666667
2021-02-03,212.68,0.0,0.0,0.0,12.62,7.340000000000001
2021-02-04,203.08666666666667,0.0,0.0,0.0,12.586666666666666,11.153333333333332
2021-02-05,205.95333333333332,0.0,0.0,0.0,12.6,11.28
2021-02-06,218.99266666666665,0.0,0.0,0.0,12.753333333333332,10.426666666666666
2021-02-07,221.08599999999998,0.0,0.0,0.0,12.8,9.453333333333333
2021-02-08,235.4453333333333,0.0,0.0,0.0,13.06,9.393333333333333
2021-02-09,233.90666666666664,0.0,0.0,0.0,13.206666666666667,10.033333333333331
2021-02-10,232.33866666666665,0.0,0.0,0.0,13.426666666666666,10.059999999999999
2021-02-11,226.27933333333328,0.0,0.0,0.0,13.253333333333332,10.059999999999999
2021-02-12,227.23266666666663,0.0,0.0,0.0,13.533333333333331,10.059999999999999
2021-02-13,228.54533333333333,0.0,0.0,0.0,14.046666666666667,10.813333333333333
2021-02-14,225.07933333333332,0.0,0.0,0.0,14.286666666666667,9.58
2021-02-15,223.68599999999998,0.0,0.0,0.0,14.686666666666666,11.760000000000002
2021-02-16,223.00599999999997,0.0,0.0,0.0844444444444444,15.0,12.6
2021-02-17,234.01999999999998,0.0,0.0,0.0,15.233333333333334,12.046666666666667
2021-02-18,236.63933333333333,0.0,0.0,0.0,15.353333333333333,9.866666666666667
2021-02-19,245.366,0.0,0.0,0.8427777777777777,15.706666666666665,5.8133333333333335
2021-02-20,240.15866666666665,0.0,0.0,0.0,15.966666666666667,5.6866666666666665
2021-02-21,238.25333333333333,0.0022222222222222,0.0,0.0844444444444444,16.273333333333333,5.36
2021-02-22,241.80533333333332,0.0,0.0,0.0,16.653333333333332,6.086666666666667
2021-02-23,243.53266666666664,0.0,0.0,0.0,17.026666666666664,9.433333333333334
2021-02-24,251.34533333333334,0.0022222222222222,0.0,0.0,17.55333333333333,9.386666666666668
2021-02-25,257.31333333333333,0.0,0.0,0.0,18.120000000000005,9.680000000000001
2021-02-26,263.906,0.0,0.0,0.0,18.960000000000004,10.853333333333335
2021-02-27,264.3453333333333,3.523888888888889,0.0,0.0,19.513333333333335,12.893333333333334
2021-02-28,271.6526666666667,0.0,0.0,0.0,19.573333333333334,12.386666666666668
2021-03-01,278.52666666666664,0.0019444444444444,0.0,0.0,19.773333333333333,12.693333333333335
2021-03-02,287.3793333333333,0.0,0.0,0.0847222222222222,19.86,10.313333333333333
2021-03-03,293.34,0.0,0.0,0.9269444444444446,20.026666666666667,9.246666666666666
2021-03-04,294.866,0.0019444444444444,0.0,0.0844444444444444,20.220000000000002,9.066666666666666
2021-03-05,300.17333333333335,0.0,0.0,0.0,20.433333333333334,8.773333333333333
2021-03-06,307.33933333333334,0.0,0.0,0.0841666666666666,20.666666666666668,9.906666666666666
2021-03-07,308.34666666666664,0.0,0.0,0.0,21.1,14.459999999999999
2021-03-08,309.0593333333333,0.0,0.0,0.0,21.42,15.866666666666665
2021-03-09,309.36666666666673,0.0,0.0,0.0,21.593333333333334,16.619999999999997
2021-03-10,304.9666666666667,0.0,0.0,0.0,21.733333333333334,15.36
2021-03-11,305.12666666666667,0.0,0.0,0.0,21.773333333333333,15.093333333333332
2021-03-12,292.972,0.0022222222222222,0.0,0.0,21.653333333333332,19.39333333333333
2021-03-13,291.12666666666667,0.0,0.0,0.0,21.533333333333335,21.259999999999998
2021-03-14,299.3266666666667,0.0,0.0,0.0,21.546666666666667,19.786666666666665
2021-03-15,293.89933333333335,0.0,0.0,0.0,21.813333333333333,22.5
2021-03-16,276.2726666666667,0.0,0.0,12.272222222222222,22.093333333333334,24.653333333333332
2021-03-17,273.02000000000004,0.0,0.0,0.0,22.40666666666667,26.906666666666666
2021-03-18,270.85333333333335,0.0,0.0,0.0,22.64666666666667,28.98
2021-03-19,271.82599999999996,0.0,0.0,0.0,22.9,30.753333333333334
2021-03-20,272.62,0.0,0.0,0.0,23.106666666666662,30.76
2021-03-21,268.7,0.0,0.0,6.54111111111111,23.199999999999996,33.1
2021-03-22,261.2273333333333,0.0044444444444444,0.0,0.0,23.23333333333333,34.10666666666666
2021-03-23,246.75333333333336,0.0,0.0,2.397777777777778,23.086666666666666,37.74666666666666
2021-03-24,251.6066666666667,0.0,0.0,0.0,23.126666666666665,37.90666666666666
2021-03-25,257.914,0.0,0.0,0.0,23.08,38.77333333333333
2021-03-26,261.454,0.0,0.0,0.0,23.106666666666662,38.95333333333334
2021-03-27,271.64799999999997,0.0022222222222222,0.0,0.0,23.36,34.473333333333336
2021-03-28,274.80733333333336,0.0,0.0,0.0,23.766666666666666,31.800000000000004
2021-03-29,273.02066666666667,0.0022222222222222,0.0,0.0,24.193333333333335,33.413333333333334
2021-03-30,275.568,0.0019444444444444,0.0,0.0,24.546666666666663,30.74
2021-03-31,284.7873333333333,0.0,0.0,0.1916666666666666,24.69333333333333,28.266666666666666
2021-04-01,270.51399999999995,0.0,0.0,0.0844444444444444,24.773333333333333,26.013333333333332
2021-04-02,258.0,0.0,0.0,0.0,24.713333333333335,23.94
2021-04-03,247.48,0.0,0.0,0.4211111111111111,24.72,22.16
2021-04-04,231.20599999999996,0.0,0.0,0.5505555555555556,24.83333333333333,24.173333333333336
2021-04-05,218.98000000000002,0.0,0.0,0.0847222222222222,25.099999999999998,24.5
2021-04-06,217.33933333333334,0.0,0.0,0.0841666666666666,25.30666666666666,23.533333333333335
2021-04-07,224.38733333333337,0.0,0.0,0.0,25.606666666666666,20.226666666666667
2021-04-08,207.91333333333333,0.0,0.0,0.0841666666666666,25.706666666666667,19.56
2021-04-09,196.33933333333331,0.0,0.0,0.1694444444444444,25.953333333333333,16.613333333333337
2021-04-10,180.55999999999997,0.0,0.0,7.241111111111111,26.173333333333332,16.113333333333337
2021-04-11,171.85999999999999,0.0,0.0,0.0841666666666666,26.366666666666664,16.21333333333333
2021-04-12,157.83999999999997,0.0,0.0,0.1683333333333333,26.446666666666665,17.09333333333333
2021-04-13,148.34666666666666,0.0,0.0,0.59,26.499999999999996,17.56
2021-04-14,139.06,0.0,0.0,10.502222222222224,26.66,20.64666666666667
2021-04-15,136.00000000000003,0.0,0.0,8.013055555555555,26.94666666666667,25.033333333333335
2021-04-16,139.83333333333334,0.0,0.0,5.767222222222222,27.080000000000002,29.653333333333336
2021-04-17,138.78066666666666,0.0,0.0,6.922222222222223,27.206666666666667,33.473333333333336
2021-04-18,141.00066666666666,0.0,0.0,0.2527777777777777,27.539999999999996,35.766666666666666
2021-04-19,148.14133333333334,0.0,0.0,3.1197222222222223,27.586666666666662,35.553333333333335
2021-04-20,148.14733333333334,0.0,0.0,0.1683333333333333,27.353333333333328,37.21333333333333
2021-04-21,164.12,0.0,0.0,1.1794444444444443,27.133333333333333,36.379999999999995
2021-04-22,173.48666666666668,0.0044444444444444,0.0,3.118888888888889,27.04666666666667,37.46
2021-04-23,177.52733333333333,0.0,0.0,6.174166666666666,26.759999999999998,39.28666666666666
2021-04-24,178.7133333333333,0.0,0.0,0.6752777777777779,26.66,39.28666666666666
2021-04-25,195.78599999999997,0.0,0.0,8.816111111111113,26.666666666666668,39.279999999999994
2021-04-26,210.03933333333333,0.0,0.0,0.0847222222222222,26.720000000000002,39.04
2021-04-27,224.73333333333335,0.0,0.0,2.6983333333333337,26.886666666666667,37.79333333333334
2021-04-28,230.48000000000002,0.0,0.0,0.0,27.073333333333334,36.85333333333333
2021-04-29,232.67999999999998,0.0019444444444444,0.0,0.4222222222222222,27.080000000000002,36.14666666666666
2021-04-30,241.88,0.0,0.0,1.6011111111111112,27.18,32.913333333333334
2021-05-01,250.3,0.0,0.0,11.890277777777778,27.46,32.22666666666667
2021-05-02,257.3593333333333,0.0,0.0,5.898611111111111,27.833333333333332,32.02
2021-05-03,263.76666666666665,0.0,0.0,7.228611111111111,27.933333333333334,31.706666666666667
2021-05-04,264.53933333333333,0.0,0.0,3.569166666666667,28.12666666666667,33.57333333333333
2021-05-05,278.16066666666666,0.0,0.0,0.3366666666666666,28.566666666666666,29.926666666666666
2021-05-06,271.108,0.0,0.0,2.553611111111111,28.86,29.659999999999997
2021-05-07,270.22066666666666,0.0044444444444444,0.0,0.5908333333333333,28.993333333333332,29.2
2021-05-08,280.1673333333334,0.0,0.0,0.0,29.553333333333335,27.933333333333334
2021-05-09,288.60800000000006,0.0022222222222222,0.0,0.0,29.886666666666667,30.113333333333333
2021-05-10,276.454,0.0022222222222222,0.0,0.0841666666666666,29.860000000000003,32.839999999999996
2021-05-11,269.4673333333333,0.0,0.0,0.0,29.806666666666665,35.626666666666665
2021-05-12,264.08666666666664,0.0,0.0,0.0,29.419999999999998,38.97333333333333
2021-05-13,259.0926666666666,0.0,0.0,0.0,28.939999999999998,42.14666666666667
2021-05-14,267.82599999999996,0.0019444444444444,0.0,0.0,28.713333333333335,40.28666666666667
2021-05-15,263.02666666666664,0.0,0.0,0.0,28.513333333333335,42.04666666666667
2021-05-16,266.96,0.0,0.0,0.0,28.406666666666666,38.23333333333333
2021-05-17,275.3326666666667,0.0,0.0,0.2533333333333333,28.52,35.45333333333333
2021-05-18,266.15999999999997,0.0,0.0,0.0,28.386666666666663,39.26666666666667
2021-05-19,257.0193333333333,0.0,0.0,0.6744444444444445,28.09333333333333,42.24666666666667
2021-05-20,259.09933333333333,0.0,0.0,0.4211111111111111,27.946666666666665,43.40666666666667
2021-05-21,267.3186666666666,0.0,0.0,4.772222222222222,27.85333333333333,41.84000000000001
2021-05-22,271.6653333333333,0.0063888888888888,0.0,0.0,28.093333333333334,41.580000000000005
2021-05-23,263.4653333333333,0.0,0.0,0.0,28.0,43.92666666666667
2021-05-24,269.83866666666665,0.0,0.0,0.0,28.00666666666667,41.75333333333334
2021-05-25,281.4853333333333,0.0022222222222222,0.0,1.468611111111111,28.340000000000003,39.02666666666667
2021-05-26,287.55933333333326,0.0,0.0,0.0,28.6,36.24
2021-05-27,292.91866666666664,0.0,0.0,0.0,29.10666666666667,32.89333333333333
2021-05-28,303.4066666666667,0.0038888888888888,0.0,0.5055555555555555,29.64,28.026666666666667
2021-05-29,301.23266666666666,0.0,0.0,0.0,29.88,28.086666666666666
